code,date,open,high,low,close,change,volume,money,traded_market_value,market_value,turnover,adjust_price,report_date,report_type,PE_TTM,PS_TTM,PC_TTM,PB,adjust_price_f
sh600941,2022-01-05,63.0,63.58,57.75,57.88,0.0052101424105592,255365409.0,15259495685.0,27225883800.0,1234070066078.4,0.5428859529959501,57.88,2022-03-02,2021-12-31,10.629829588512855,1.4548286795743746,3.920620102929178,1.0502795475019402,53.33098583439718
sh600941,2022-01-06,57.88,59.33,57.58,58.0,0.0020732550103661,116157682.0,6731421684.0,27282330000.0,1236628608026.0,0.2469417222062778,57.99999999999999,2022-03-02,2021-12-31,10.651867935966234,1.4578449104234796,3.9287485482011917,1.05245704483605,53.44155456798612
sh600941,2022-01-07,57.8,58.06,57.59,57.62,-0.0065517241379309,63881165.0,3687982659.0,27103583700.0,1228526558525.1,0.1358061268960532,57.62,2022-03-02,2021-12-31,10.582079835695769,1.4482935127344512,3.903008471505954,1.0455616366112281,53.091420244954485
sh600941,2022-01-10,57.7,59.49,57.68,58.8,0.0204790003471015,75326858.0,4402100218.0,27658638000.0,1253685554343.6,0.1601387331653858,58.79999999999998,2022-03-02,2021-12-31,10.79879025232439,1.4779531160844934,3.982938183348795,1.0669736937303405,54.17867945857902
sh600941,2022-01-11,58.6,59.12,57.93,58.09,-0.0120748299319727,34700578.0,2030028651.0,27324664650.0,1238547514486.7,0.0737705879226591,58.08999999999999,2022-03-02,2021-12-31,10.668396696556268,1.4601070835603083,3.934844882155202,1.054090167836632,53.52448111817781
sh600941,2022-01-12,58.29,58.29,57.8,58.11,0.0003442933379238,25617132.0,1484862940.0,27334072350.0,1238973938144.7,0.0544599253802736,58.109999999999985,2022-03-02,2021-12-31,10.672069754465738,1.4606097887019043,3.9361996230340823,1.0544530840590403,53.54290924044263
sh600941,2022-01-13,58.01,58.01,57.78,57.81,-0.0051626226122869,24645018.0,1426048442.0,27192956850.0,1232577583275.6,0.0523932906023789,57.809999999999995,2022-03-02,2021-12-31,10.616973885831433,1.4530692115790242,3.9158785098537314,1.0490093407236816,53.2664874064703
sh600941,2022-01-14,57.71,57.8,57.61,57.65,-0.0027676872513406,24019049.0,1385033375.0,27117695250.0,1229166194012.1,0.051062531755902,57.64999999999999,2022-03-02,2021-12-31,10.587589422559972,1.4490475704468453,3.905040582824275,1.0461060109448406,53.11906242835172
sh600941,2022-01-17,57.65,57.72,57.59,57.6,-0.0008673026886383,26815585.0,1544964783.0,27094176000.0,1228100134867.2,0.0570077383419964,57.599999999999994,2022-03-02,2021-12-31,10.578406777787157,1.447790807592973,3.9016537306273906,1.0451987203889048,53.07299212268966
sh600941,2022-01-18,57.6,57.73,57.59,57.62,0.0003472222222219,20774021.0,1196931883.0,27103583700.0,1228526558525.1,0.0441638678954473,57.61999999999997,2022-03-02,2021-12-31,10.582079835695769,1.4482935127344512,3.903008471505954,1.0455616366112281,53.091420244954456
sh600941,2022-01-19,57.6,57.62,57.58,57.58,-0.0006942034015966,37308915.0,2148398656.0,27084768300.0,1227673711209.3,0.0793156988424375,57.57999999999997,2022-03-02,2021-12-31,10.574733719878548,1.4472881024514945,3.9002989897488276,1.0448358041665815,53.05456400042482
sh600941,2022-01-20,57.59,57.71,57.58,57.63,0.0008683570684266,23180332.0,1335238843.0,27108287550.0,1228739770354.1,0.049279488078914,57.62999999999998,2022-03-02,2021-12-31,10.583916364650504,1.4485448653052493,3.9036858419453946,1.0457430947224324,53.10063430608688
sh600941,2022-01-21,57.61,57.62,57.58,57.58,-0.0008676036786396,19184425.0,1104712930.0,27084768300.0,1227673711209.3,0.0407845169382527,57.579999999999984,2022-03-02,2021-12-31,10.574733719878548,1.4472881024514945,3.9002989897488276,1.0448358041665815,53.054564000424826
sh600941,2022-01-24,57.68,58.73,57.64,58.19,0.0105939562348036,29709778.0,1724572861.0,27371703150.0,1240679632776.4,0.0631605557149994,58.189999999999976,2022-03-02,2021-12-31,10.686761986101038,1.462620609267935,3.9416185865486524,1.0559047489484183,53.616621729501915
sh600941,2022-01-25,57.9,58.03,57.59,57.59,-0.0103110500085924,18436817.0,1063494095.0,27089472150.0,1227886923038.2,0.0391951635362522,57.58999999999998,2022-03-02,2021-12-31,10.576570248832422,1.447539455022175,3.9009763601879506,1.0450172622777005,53.06377806155724
sh600941,2022-01-26,57.59,58.0,57.58,57.63,0.0006945650286507,18821205.0,1086086079.0,27108287550.0,1228739770354.1,0.0400123409547498,57.62999999999998,2022-03-02,2021-12-31,10.583916364650504,1.4485448653052493,3.9036858419453946,1.0457430947224324,53.10063430608688
sh600941,2022-01-27,57.6,57.66,57.58,57.58,-0.0008676036786396,33978377.0,1956625176.0,27084768300.0,1227673711209.3,0.0722352477226102,57.579999999999984,2022-03-02,2021-12-31,10.574733719878548,1.4472881024514945,3.9002989897488276,1.0448358041665815,53.054564000424826
sh600941,2022-01-28,57.59,57.61,57.58,57.58,0.0,29008049.0,1670419330.0,27084768300.0,1227673711209.3,0.0616687373109261,57.579999999999984,2022-03-02,2021-12-31,10.574733719878548,1.4472881024514945,3.9002989897488276,1.0448358041665815,53.054564000424826
sh600941,2022-02-07,57.7,58.41,57.7,58.15,0.0098992705800624,24754931.0,1437546474.0,27352887750.0,1239826785460.6,0.0526269566418997,58.149999999999984,2022-03-02,2021-12-31,10.679415870283819,1.4616151989849786,3.9389091047915263,1.0551789165037722,53.57976548497228
sh600941,2022-02-08,58.22,62.5,58.22,61.3,0.0541702493551161,39345289.0,2383895933.0,28834600500.0,1306988511586.1,0.0836448632503162,61.29999999999998,2022-03-02,2021-12-31,11.257922490943624,1.5407912587751607,4.152280793185054,1.1123382215249977,56.482194741681866
sh600941,2022-02-09,60.8,67.43,60.7,67.43,0.1,51244290.0,3334124379.0,31718060550.0,1437687362744.7,0.1089411652157275,67.42999999999999,2022-03-02,2021-12-31,12.383714740037897,1.6948703846526645,4.567508872503526,1.2235720436774886,62.13041421585006
sh600941,2022-02-10,68.0,68.4,64.46,66.0,-0.0212071778140294,42181436.0,2792374407.0,26439459222.0,1410964550424.0,0.1052962071812529,65.99999999999999,2022-03-02,2021-12-31,12.15353417825057,1.6633672189640416,4.482610941607045,1.200829069835369,60.81280347391523
sh600941,2022-02-11,65.51,67.47,64.9,66.61,0.0092424242424242,27567357.0,1823478191.0,26683823920.87,1424005283389.9998,0.0688155361546146,66.61,2022-03-02,2021-12-31,12.26586229717042,1.6787407644726013,4.524041133642982,1.211927641541389,61.374861202992335
sh600941,2022-02-14,66.48,67.61,63.8,64.01,-0.0390331782014711,22758754.0,1488716256.0,25642269466.67,1368421831403.6,0.0568119699948377,64.01,2022-03-02,2021-12-31,11.787086708330246,1.6132141770588668,4.347453429882706,1.164622253941814,58.97920530856538
sh600941,2022-02-15,63.93,64.65,62.5,62.9,-0.0173410404624277,15999425.0,1014408908.0,25197605834.300003,1344691973055.6,0.0399388671732493,62.90000000000001,2022-03-02,2021-12-31,11.582686360787287,1.5852393647399732,4.272064064046715,1.144426492312799,57.95644452286772
sh600941,2022-02-16,63.28,64.35,62.76,63.5,0.0095389507154213,15860582.0,1006268766.0,25437964554.5,1357518923514.0,0.039592277709257,63.50000000000002,2022-03-02,2021-12-31,11.693173035135018,1.6003608849123734,4.312815072606779,1.155343120220393,58.50928819081241
sh600941,2022-02-17,63.6,64.57,61.44,61.88,-0.0255118110236219,18282727.0,1145192284.0,24788996009.960003,1322886157276.3,0.0456386029634051,61.880000000000024,2022-03-02,2021-12-31,11.394859014395967,1.5595327804468686,4.202787349494542,1.1258682248698715,57.016610287361765
sh600941,2022-02-18,61.47,63.05,61.3,62.8,0.0148674854557206,12345353.0,769923003.0,25157546047.6,1342554147979.2,0.0308173208520853,62.800000000000026,2022-03-02,2021-12-31,11.564271915062664,1.5827191113779062,4.265272229286704,1.1426070543281996,57.864303911543615
sh600941,2022-02-21,62.98,64.1,62.68,63.53,0.011624203821656,14266367.0,904737562.0,25449982490.51,1358160271036.9,0.0356126883721025,63.53000000000002,2022-03-02,2021-12-31,11.698697368852233,1.6011169609209697,4.314852623034718,1.1558889516157556,58.53693037420964
sh600941,2022-02-22,62.8,63.73,61.49,62.3,-0.0193609318432237,13392042.0,836344412.0,24957247114.1,1331865022597.2,0.0334301380591225,62.30000000000002,2022-03-02,2021-12-31,11.472199686439554,1.5701178445675725,4.23131305548665,1.1335098644052044,57.40360085492304
sh600941,2022-02-23,62.1,63.79,62.1,63.09,0.0126805778491172,9221475.0,582529011.0,25273719429.03,1348753840700.8,0.0230192813283252,63.090000000000025,2022-03-02,2021-12-31,11.617673807664413,1.590027846127947,4.284968550090862,1.147883424483571,58.13151168438355
sh600941,2022-02-24,62.8,63.0,60.94,61.72,-0.0217150103027421,9444993.0,585586572.0,24724900351.24,1319465637154.1,0.0235772423621017,61.72000000000003,2022-03-02,2021-12-31,11.365395901236917,1.5555003750676093,4.191920413878652,1.122957124094547,56.869185309243186
sh600941,2022-02-25,62.2,62.34,60.94,61.06,-0.0106934543097859,9555678.0,585932194.0,24460505759.02,1305355991649.8,0.0238535418861828,61.06000000000005,2022-03-02,2021-12-31,11.243860559453895,1.5388667028778982,4.1470943044623905,1.1109488333961424,56.261057274504054
sh600941,2022-02-28,60.98,61.18,59.22,60.54,-0.0085162135604324,8002998.0,483160722.0,24252194868.18,1293305532292.6,0.0199776350781218,60.54000000000005,2022-03-02,2021-12-31,11.140062296331456,1.524660577669294,4.10881019523389,1.1006930534783217,55.78192609561866
sh600941,2022-03-01,60.54,60.65,59.9,60.37,-0.002808060786257,7004310.0,422036803.0,24184093230.79,1289673851742.7,0.0174846412749371,60.37000000000005,2022-03-02,2021-12-31,11.108780324240493,1.5203792380887653,4.097272406446417,1.0976022404771266,55.62528705636767
sh600941,2022-03-02,60.01,60.95,59.96,60.48,0.0018220970680802,5147246.0,311265059.0,24228158996.16,1292023762686.7,0.0128489101515859,60.480000000000054,2022-03-02,2021-12-31,11.129021600298891,1.5231495166408098,4.104738034485202,1.099602178301384,55.7266417288242
sh600941,2022-03-03,60.39,62.95,60.23,62.05,0.0259589947089946,13645859.0,845440142.0,24857097647.35,1325563400706.2,0.0340637335445423,62.050000000000054,2022-03-24,2022-12-31,10.554352920571047,1.414297862923909,4.721508105810151,1.046946782189566,57.17324932661278
sh600941,2022-03-04,61.44,63.2,61.1,61.71,-0.0054794520547944,7769847.0,482899212.0,24720894372.57,1318300039606.4,0.0193956274859546,61.710000000000065,2022-03-24,2022-12-31,10.496520849773079,1.4065482855927764,4.695636828517898,1.0412100874926054,56.85997124811081
sh600941,2022-03-07,61.5,61.93,60.68,61.48,-0.0037271106789823,8606539.0,527895399.0,24628756863.16,1313386589450.7,0.0214842357111202,61.48000000000007,2022-03-24,2022-12-31,10.457399154821886,1.4013059244570605,4.678135670349778,1.0373293822564633,56.64804784206535
sh600941,2022-03-08,61.47,61.87,59.86,61.05,-0.0069941444372153,8105448.0,495002923.0,24456499780.35,1304200573942.2,0.0202333778277456,61.05000000000006,2022-03-24,2022-12-31,10.384258594695606,1.3915049884207031,4.645416113774532,1.0300741507280098,56.25184321337166
sh600941,2022-03-09,60.9,61.4,58.7,60.24,-0.0132678132678132,8524172.0,513019428.0,24132015508.08,1286896684263.4,0.0212786255299756,60.24000000000006,2022-03-24,2022-12-31,10.246482190736817,1.3730427600731492,4.583781600225823,1.0164073192441807,55.50550426164633
sh600941,2022-03-10,60.72,61.15,59.81,59.87,-0.0061420982735724,7170705.0,433033664.0,23983794297.29,1278992438360.7,0.0179000079398825,59.87000000000006,2022-03-24,2022-12-31,10.183547290162748,1.3646093965069421,4.555627563172574,1.0101644456033891,55.16458399974711
sh600941,2022-03-11,59.28,60.35,58.55,60.1,0.0038416569233339,8064343.0,478591842.0,24075931806.7,1283905888516.4,0.0201307686942826,60.100000000000065,2022-03-24,2022-12-31,10.222668985113938,1.3698517576426577,4.573128721340694,1.0140451508395312,55.37650740579258
sh600941,2022-03-14,59.6,63.3,59.46,60.56,0.0076539101497503,12222221.0,750411512.0,24260206825.52,1293732788827.8,0.0305099502689064,60.56000000000006,2022-03-24,2022-12-31,10.300912375016322,1.38033647991409,4.608131037676936,1.0218065613118157,55.800354217883495
sh600941,2022-03-15,60.49,60.49,59.0,59.13,-0.0236129458388375,10037219.0,599339608.0,23687351875.71,1263183946555.3,0.0250555977124061,59.13000000000005,2022-03-24,2022-12-31,10.057677489014603,1.3477426693745271,4.499319489066073,0.997678698321806,54.48274347594865
sh600941,2022-03-16,59.69,61.86,59.38,61.21,0.0351767292406561,10366099.0,625681072.0,24520595439.070004,1307618626224.4,0.0258765706308665,61.21000000000005,2022-03-24,2022-12-31,10.411473686835356,1.3951518483411736,4.657590832500088,1.032773771761827,56.39926819149023
sh600941,2022-03-17,61.91,62.2,60.42,61.03,-0.0029406959647116,7845907.0,478480354.0,24448487823.01,1303773317406.9,0.0195854936990965,61.03000000000005,2022-03-24,2022-12-31,10.380856708177939,1.3910491309306179,4.643894273933749,1.0297366980987628,56.23341509110682
sh600941,2022-03-18,60.83,61.84,60.54,61.78,0.0122890381779452,5397223.0,331340976.0,24748936223.26,1319795437479.9,0.0134729199643991,61.780000000000044,2022-03-24,2022-12-31,10.508427452584518,1.4081437868080222,4.700963267960463,1.0423911716949301,56.924469676037674
sh600941,2022-03-21,61.58,63.84,61.33,62.71,0.0150534153447716,7168380.0,449238818.0,25121492239.57,1339662866370.4,0.0178942041146714,62.71000000000004,2022-03-24,2022-12-31,10.666615175648516,1.4293411600959818,4.771728820553517,1.0580827189541615,57.78137736135193
sh600941,2022-03-22,62.3,64.53,62.3,64.26,0.0247169510444906,7983522.0,507305508.0,25742418933.42,1372775247854.6,0.0199290177448698,64.26000000000006,2022-03-24,2022-12-31,10.930261380755452,1.464670115575951,4.889671408208727,1.084235297719574,59.209556836875706
sh600941,2022-03-23,64.08,65.46,63.6,64.55,0.004512916277622,7587236.0,491168888.0,25858592314.85,1378970467616.2,0.0189397813243973,64.55000000000004,2022-03-24,2022-12-31,10.979588735259647,1.471280049181923,4.911738085899199,1.0891283608434568,59.47676460971563
sh600941,2022-03-24,65.02,69.62,64.65,66.75,0.0340821068938808,16528877.0,1110230501.0,26739907622.25,1425968686496.9998,0.0412605217391234,66.75000000000006,2022-03-24,2022-12-31,11.353796252185612,1.5214243730889752,5.07914046837756,1.1262481500588803,61.50385805884614
sh600941,2022-03-25,66.75,68.0,65.2,66.0,-0.0112359550561798,8753122.0,581316250.0,26439459222.0,1409946566424.0,0.0218501462964604,66.00000000000004,2022-04-22,2022-03-31,11.98251477834907,1.6074196817462028,4.458159900411684,1.1272096876743345,60.81280347391528
sh600941,2022-03-28,64.8,68.45,64.4,68.2,0.0333333333333334,9825730.0,656602267.0,27320774529.4,1456944785304.8,0.0245276642973238,68.20000000000005,2022-04-22,2022-03-31,12.381931937627373,1.6610003378044096,4.606765230425407,1.1647833439301456,62.83989692304579
sh600941,2022-03-29,68.2,69.18,67.45,68.0,-0.0029325513196479,7834188.0,535917007.0,27240654956.0,1452672219952.0,0.0195562399237637,68.00000000000006,2022-04-22,2022-03-31,12.34562128678389,1.6561293690718453,4.593255654969614,1.161367556997799,62.655615700397576
sh600941,2022-03-30,67.88,69.06,66.89,67.36,-0.0094117647058823,8149139.0,550487792.0,26984272321.120003,1439000010823.0,0.0203424423126047,67.36000000000006,2022-04-22,2022-03-31,12.229427204084406,1.640542269127594,4.5500250135109495,1.1504370388142582,62.065915787923245
sh600941,2022-03-31,67.0,67.55,65.96,66.86,-0.0074228028503563,6023685.0,401503278.0,26783973387.620003,1428318597441.0,0.0150367375770375,66.86000000000006,2022-04-22,2022-03-31,12.138650576975701,1.6283648472961834,4.516251074871467,1.141897571483392,61.60521273130267
sh600941,2022-04-01,66.68,68.68,66.46,68.38,0.0227340711935386,5782059.0,393442113.0,27392882145.460003,1460790094122.3,0.0144335741058751,68.38000000000005,2022-04-22,2022-03-31,12.414611523386338,1.6653842096636946,4.618923848335557,1.1678575521692414,63.005750023429194
sh600941,2022-04-06,67.98,68.26,65.88,67.38,-0.0146241591108511,7060501.0,472502582.0,26992284278.46,1439427267358.3,0.0176249091211461,67.38000000000004,2022-04-22,2022-03-31,12.233058269168927,1.6410293660008732,4.551375971056593,1.1507786175075092,62.08434391018805
sh600941,2022-04-07,66.73,68.2,66.59,67.38,0.0,5363226.0,361754941.0,26992284278.46,1439427267358.3,0.0133880543103341,67.38000000000004,2022-04-22,2022-03-31,12.233058269168927,1.6410293660008732,4.551375971056593,1.1507786175075092,62.08434391018805
sh600941,2022-04-08,67.1,69.68,66.78,69.56,0.0323538141881865,10997508.0,756037148.0,27865587628.52,1485998229703.8,0.0274527372857928,69.56000000000004,2022-04-22,2022-03-31,12.62884436336271,1.6941229251858008,4.698630343524672,1.1880106950700695,64.09300923705375
sh600941,2022-04-11,69.18,70.8,68.01,68.86,-0.0100632547441058,10513754.0,730170876.0,27585169121.62,1471044250968.9998,0.0262451572164761,68.86000000000004,2022-04-22,2022-03-31,12.501757085410523,1.6770745346218257,4.6513468294293965,1.1760554408068566,63.448024957784945
sh600941,2022-04-12,68.62,69.4,67.75,68.95,0.0013069997095556,6121275.0,420727233.0,27621222929.65,1472966905377.7998,0.0152803484597685,68.95000000000005,2022-04-22,2022-03-31,12.518096878290429,1.6792664705515252,4.65742613838463,1.1775925449264446,63.53095150797664
sh600941,2022-04-13,68.7,71.28,68.28,70.21,0.0182741116751268,7342799.0,514255426.0,28125976242.07,1499884067100.4,0.0183296008413344,70.21000000000004,2022-04-22,2022-03-31,12.746853978604026,1.7099535735666345,4.742536463755999,1.1991120026001956,64.69192321066048
sh600941,2022-04-14,70.21,70.99,64.88,67.65,-0.0364620424440961,20509546.0,1374994506.0,27100445702.550003,1445195230584.6,0.0511973419968309,67.65000000000005,2022-04-22,2022-03-31,12.282077647807798,1.647605173789858,4.569613897921976,1.155389929866193,62.33312356076316
sh600941,2022-04-15,66.31,66.58,64.6,64.69,-0.0437546193643755,11801229.0,772750535.0,25914676016.23,1381961263363.2002,0.0294590410287929,64.69000000000004,2022-04-22,2022-03-31,11.744680015324604,1.5755148365479528,4.369672181176367,1.1048362832674972,59.60576146556938
sh600941,2022-04-18,64.6,66.27,64.4,65.63,0.0145308393878496,6006490.0,394331957.0,26291238011.210003,1402042320521.3,0.0149938142331646,65.63000000000004,2022-04-22,2022-03-31,11.91534007428846,1.5984083895909362,4.433167185818404,1.1208904818494776,60.471883212016046
sh600941,2022-04-19,65.33,66.49,65.33,66.02,0.005942404388237,3334659.0,220083045.0,26447471179.340004,1410373822959.3,0.0083242055804555,66.02000000000002,2022-04-22,2022-03-31,11.98614584343359,1.607906778619482,4.459510857957326,1.127551266367585,60.83123159618009
sh600941,2022-04-20,66.0,66.7,65.8,66.03,0.0001514692517419,6679602.0,442051298.0,26451477158.01,1410587451226.9,0.0166740827903609,66.03000000000003,2022-04-22,2022-03-31,11.98796137597542,1.6081503270560644,4.460186336729989,1.1277220557141703,60.8404456573125
sh600941,2022-04-21,65.8,66.3,63.92,64.55,-0.0224140542177798,5595841.0,363118129.0,25858592314.85,1378970467616.2,0.0139687239023666,64.55000000000004,2022-04-22,2022-03-31,11.719262559733824,1.572105158435112,4.360215478357184,1.1024452324148224,59.476764609715616
sh600941,2022-04-22,64.0,66.31,63.17,65.8,0.0193648334624321,5925242.0,384955859.0,26359339648.6,1405674001071.2,0.0147909973769281,65.80000000000003,2022-04-22,2022-03-31,11.946204127505588,1.6025487130136384,4.444650324955891,1.123793900741988,60.62852225126704
sh600941,2022-04-25,65.0,67.0,64.89,65.82,0.0003039513677811,8866139.0,588904215.0,26367351605.94,1406101257606.5,0.0221322671196349,65.82000000000004,2022-08-12,2022-06-30,11.050259007013972,1.5596573189430367,4.68048271943259,1.1229513265256983,60.646950373531865
sh600941,2022-04-26,65.49,65.82,63.88,64.08,-0.0264357338195077,6193213.0,401071402.0,25670311317.36,1368929939037.1,0.0154599250524716,64.08000000000003,2022-08-12,2022-06-30,10.758137301267624,1.5184266332097678,4.5567507241147345,1.0932652841653705,59.043703736492276
sh600941,2022-04-27,63.8,64.53,62.2,64.0,-0.0012484394506866,8408818.0,534108189.0,25638263488.0,1367220912896.0002,0.0209906709263631,64.00000000000004,2022-08-12,2022-06-30,10.744706418244975,1.5165309694979177,4.551061896743871,1.091900408654568,58.96999124743299
sh600941,2022-04-28,63.99,65.0,63.7,64.77,0.0120312499999999,4216271.0,272157760.0,25946723845.59,1383670289504.3,0.0105249462049681,64.77000000000002,2022-08-12,2022-06-30,10.87397866733964,1.5347767327247115,4.605816860189137,1.105037335446209,59.67947395462867
sh600941,2022-04-29,64.29,66.42,64.22,64.96,0.0029334568473058,6107038.0,397439367.0,26022837440.320004,1387729226589.4,0.0152448090793254,64.96000000000004,2022-08-12,2022-06-30,10.905877014518333,1.5392789340403419,4.619327825194895,1.1082789147843546,59.85454111614448
sh600941,2022-05-05,64.96,65.29,64.24,64.56,-0.0061576354679802,3846098.0,248840297.0,25862598293.52,1379184095883.8,0.00960089485449,64.56000000000003,2022-08-12,2022-06-30,10.838722599404305,1.52980061548098,4.590883688340246,1.1014545372302635,59.48597867084803
sh600941,2022-05-06,63.77,64.5,63.28,63.99,-0.0088289962825278,4188714.0,268183172.0,25634257509.33,1367007284628.4,0.0104561565226706,63.99000000000004,2022-08-12,2022-06-30,10.743027557867435,1.5162940115339776,4.550350793322637,1.0917297992157475,58.96077718630058
sh600941,2022-05-09,63.83,64.9,63.62,64.64,0.0101578371620565,3673789.0,236766875.0,25894646122.88,1380893122024.9998,0.0091707652552228,64.64000000000004,2022-08-12,2022-06-30,10.852153482427736,1.5316962791929407,4.596572515711441,1.1028194127411455,59.559691159907324
sh600941,2022-05-10,63.9,64.39,63.37,63.65,-0.0153155940594059,4219532.0,268941187.0,25498054234.55,1359743923528.6,0.0105330865378771,63.65000000000005,2022-08-12,2022-06-30,10.685946305020199,1.508237440758476,4.526173276996053,1.0859290782947384,58.64749910779861
sh600941,2022-05-11,63.46,63.6,62.0,62.49,-0.0182246661429693,9865138.0,617032040.0,25033360708.83,1334963044482.4,0.02462603726245,62.49000000000006,2022-08-12,2022-06-30,10.49119850118982,1.4807503169363703,4.443685280117702,1.0661383833879061,57.57866801643889
sh600941,2022-05-12,62.17,63.3,62.03,63.16,0.0107217154744758,5523786.0,346957271.0,25301761279.72,1349276138414.2,0.0137888552462012,63.16000000000006,2022-08-12,2022-06-30,10.603682146505193,1.4966265005232129,4.491329209348974,1.0775692157909447,58.19601011231046
sh600941,2022-05-13,63.01,64.68,63.01,64.38,0.0193160227992399,5084914.0,325931626.0,25790490677.46,1375338787066.2998,0.012693312718013,64.38000000000005,2022-08-12,2022-06-30,10.808503112603145,1.525535372129289,4.578083826755719,1.0983835673309383,59.32012557046465
sh600941,2022-05-16,64.4,65.27,64.08,65.07,0.01071761416589,3604467.0,233654481.0,26066903205.69,1390079137533.5,0.008997718901983,65.07000000000006,2022-08-12,2022-06-30,10.924344478675165,1.541885471644233,4.627149962830123,1.1101556186117774,59.95589578860103
sh600941,2022-05-17,64.95,65.8,64.76,65.08,0.000153680651606,3104868.0,202016630.0,26070909184.36,1390292765801.1,0.0077505854518191,65.08000000000006,2022-08-12,2022-06-30,10.926023339052701,1.5421224296081728,4.627861066251357,1.1103262280505979,59.965109849733444
sh600941,2022-05-18,65.08,66.58,64.91,66.39,0.0201290719114934,4295217.0,282699910.0,26595692390.13,1418278068862.0,0.0107220166501785,66.39000000000006,2022-08-12,2022-06-30,11.145954048551625,1.5731639228901495,4.721015614450533,1.132676064540294,61.17215185807933
sh600941,2022-05-19,65.75,66.44,64.48,64.75,-0.0247025154390722,5322458.0,348591763.0,25938711888.25,1383243032969.0,0.0132862864194929,64.75000000000004,2022-08-12,2022-06-30,10.870620946583783,1.5343028167967212,4.604394653346337,1.1046961165684888,59.661045832363854
sh600941,2022-05-20,64.8,66.06,64.77,66.0,0.0193050193050192,3972097.0,260784786.0,26439459222.0,1409946566424.0,0.0099154222406281,66.00000000000004,2022-08-12,2022-06-30,11.08047849381513,1.5639225622947275,4.693282581017116,1.1260222964250233,60.81280347391528
sh600941,2022-05-23,65.88,66.66,65.41,66.49,0.0074242424242423,3639918.0,240601171.0,26635752176.83,1420414351538.4,0.0090862141310402,66.49000000000004,2022-08-12,2022-06-30,11.162742652330131,1.57553350252999,4.728126648664195,1.1343821589288168,61.26429246940343
sh600941,2022-05-24,66.51,67.15,65.95,65.99,-0.007519927808693,3186561.0,212020941.0,26435453243.33,1409732938156.4,0.0079545131477197,65.99000000000002,2022-08-12,2022-06-30,11.078799633437594,1.5636856043307876,4.692571477595883,1.1258516869862027,60.803589412782856
sh600941,2022-05-25,65.99,67.75,65.88,67.36,0.0207607213214124,4202738.0,282751085.0,26984272321.120003,1439000010823.0,0.0104911641978363,67.36000000000004,2022-08-12,2022-06-30,11.308803505202519,1.5961488453965136,4.78999264632279,1.1492251801089008,62.06591578792323
sh600941,2022-05-26,67.38,67.81,67.01,67.4,0.0005938242280285,2402005.0,161849801.0,27000296235.8,1439854523893.6,0.0059960503983412,67.40000000000005,2022-08-12,2022-06-30,11.315518946714239,1.5970966772524944,4.792837060008388,1.149907617864342,62.10277203245288
sh600941,2022-05-27,67.3,67.32,66.8,66.99,-0.0060830860534125,2268551.0,152047921.0,26836051110.33,1431095764920.4,0.005662913327494,66.99000000000005,2022-08-12,2022-06-30,11.246685671222671,1.5873814007291926,4.763681819732506,1.1429126308714306,61.724995526024024
sh600941,2022-05-30,67.0,67.52,66.23,66.88,-0.0016420361247947,2627026.0,175242533.0,26791985344.96,1428745853976.3,0.0065577633242864,66.88000000000005,2022-08-12,2022-06-30,11.228218207065842,1.5847748631253016,4.755859682097277,1.1410359270440076,61.623640853567494
sh600941,2022-05-31,66.77,67.2,65.9,66.26,-0.0092703349282294,4678089.0,310783884.0,26543614667.42,1415500901382.6,0.0116777681195192,66.26000000000008,2022-08-12,2022-06-30,11.124128863638937,1.5700834693582684,4.711771269972505,1.1304581418351507,61.05236906335801
sh600941,2022-06-01,64.64,64.64,63.3,63.79,-0.0059217702976469,3796505.0,242031531.0,25554137935.93,1362734719275.6,0.009477097390536,65.867623500078,2022-08-12,2022-06-30,10.709450350310425,1.511554852254297,4.536128724895313,1.0883176104387022,60.69083095763764
sh600941,2022-06-02,63.63,64.16,63.31,63.74,-0.0007838219156607,3160183.0,201376771.0,25534108042.58,1361666577937.4,0.0078886665664647,65.81599501324614,2022-08-12,2022-06-30,10.701056048421167,1.5103700624343765,4.532573207788481,1.0874645632444406,60.64326015425338
sh600941,2022-06-06,63.42,63.77,63.0,63.52,-0.0034515218073423,5256040.0,332779512.0,25445976511.84,1356966756049.3,0.0131204892311619,65.58882967118599,2022-08-12,2022-06-30,10.664121120108293,1.5051569872267052,4.516928932518358,1.0837111555896748,60.43394861936264
sh600941,2022-06-07,63.52,64.5,63.08,64.26,0.0116498740554156,5764133.0,368578999.0,25742418933.42,1372775247854.6,0.0143888259894304,66.35293127629741,2022-08-12,2022-06-30,10.788356788068782,1.5226918765614585,4.569550585699259,1.0963362540646955,61.13799650944968
sh600941,2022-06-08,64.27,65.11,63.8,65.01,0.0116713352007469,3795029.0,244700939.0,26042867333.67,1388797367927.6,0.0094734128976278,67.12735857877522,2022-08-12,2022-06-30,10.91427131640759,1.5404637238602623,4.622883342301727,1.1091319619786162,61.85155856021356
sh600941,2022-06-09,64.82,66.2,64.7,65.73,0.0110752191970466,5496809.0,361656189.0,26331297797.91,1404178603197.7002,0.0137215133998703,67.87080878915391,2022-08-12,2022-06-30,11.035149263613002,1.5575246972671362,4.674082788640162,1.121415841575996,62.53657812894691
sh600941,2022-06-10,65.46,66.66,65.38,65.5,-0.0034991632435722,6748344.0,443544421.0,26239160288.5,1399265153042.0,0.0168456813076341,67.63331774972738,2022-08-12,2022-06-30,10.99653547492259,1.552074664095525,4.657727409948804,1.1174918244824095,62.31775243337931
sh600941,2022-06-13,65.47,65.86,64.21,64.43,-0.0163358778625952,3563958.0,230239218.0,25810520570.81,1376406928404.5,0.0088965975447892,66.52846813152576,2022-08-12,2022-06-30,10.8168974144924,1.5267201619492095,4.581639343862551,1.0992366145252,61.29973724095619
sh600941,2022-06-14,63.9,64.35,63.69,64.19,-0.0037249728387398,4509513.0,288644990.0,25714377082.73,1371279849981.2002,0.0112569570920855,66.28065139473284,2022-08-12,2022-06-30,10.776604765424453,1.5210331708136589,4.564572861749962,1.0951419879927933,61.07139738471174
sh600941,2022-06-15,64.27,64.48,63.6,63.66,-0.0082567378096276,5940677.0,380567290.0,25502060213.22,1359957551796.2,0.0148295272875229,65.73338943431521,2022-08-12,2022-06-30,10.687625165397733,1.5084743987224152,4.526884380417285,1.0860996877335585,60.567146868838606
sh600941,2022-06-16,63.63,63.79,62.54,63.45,-0.0032987747408104,5646216.0,356007007.0,25417934661.15,1355471358175.8,0.0140944734486067,65.51654978962145,2022-08-12,2022-06-30,10.652369097463183,1.5034982814787947,4.5119512085687274,1.0825168895176929,60.367349494624726
sh600941,2022-06-17,62.95,63.43,62.6,62.8,-0.0102442868400316,6019731.0,378562191.0,25157546047.6,1341585520779.2,0.0150268673297753,64.84537946080735,2022-08-12,2022-06-30,10.54324317290288,1.4880960138198314,4.465729486179923,1.0714272759922947,59.74892905062935
sh600941,2022-06-20,62.75,62.85,62.32,62.55,-0.00398089171974525,5397141.0,337351723.0,25057396580.85,1336244814088.2,0.013472715270348656,64.58723702664808,2022-08-12,2022-06-30,10.501271663456611,1.4821720647202303,4.447951900645767,1.0671620400209878,59.511075033708046
sh600941,2022-06-21,62.61,63.48,62.5,63.19,0.010231814548361307,5603808.0,352987670.0,25313779215.73,1349917023217.2,0.013988611676756631,65.2480816580958,2022-08-12,2022-06-30,10.608718727639376,1.4973373744152538,4.493462519613338,1.0780810441075654,60.119981317026564
sh600941,2022-06-22,63.11,63.14,61.0,61.35,-0.0291185314131982,10324315.0,635379237.0,24576679140.45,1310609421971.4,0.025772266530815054,63.34815334268362,2022-08-12,2022-06-30,10.299808418114518,1.453737109042144,4.362619490081818,1.0466889073587147,58.369375752485844
sh600941,2022-06-23,61.06,61.6,60.72,60.96,-0.006356968215158965,6161437.0,375718050.0,24420445972.32,1302277919533.4,0.015380603611651281,62.945451145395154,2022-08-12,2022-06-30,10.234332863378022,1.4444957484467216,4.334886456648403,1.040035139243444,57.998323486088616
sh600941,2022-06-24,60.93,61.09,59.8,60.54,-0.006889763779527547,13605739.0,818049819.0,24252194868.18,1293305532292.6,0.03396358323595367,62.51177185600759,2022-08-12,2022-06-30,10.16382072750892,1.4345435139594807,4.305020112951288,1.0328695428117125,57.59872873766084
sh600941,2022-06-27,60.44,60.6,59.82,60.32,-0.003633961017509013,11008864.0,661751573.0,24164063337.44,1288605710404.5,0.027481084915512044,62.28460651394745,2022-08-12,2022-06-30,10.126885799196046,1.4293304387518093,4.289375837681164,1.0291161351569462,57.38941720277011
sh600941,2022-06-28,60.24,60.44,59.88,60.1,-0.003647214854111347,12502835.0,750612820.0,24075931806.7,1283905888516.4,0.031210438272253706,62.0574411718873,2022-08-12,2022-06-30,10.08995087088317,1.424117363544138,4.27373156241104,1.02536272750218,57.18010566787937
sh600941,2022-06-29,60.0,61.29,59.89,61.0,0.014975041597337757,11050291.0,670420546.0,24436469887.0,1303132432604.0,0.02758449784756343,62.98675393486065,2022-08-12,2022-06-30,10.241048304889741,1.4454435803027026,4.337730870334001,1.0407175769988852,58.03638012879603
sh600941,2022-06-30,60.66,60.72,60.01,60.5,-0.008196721311475419,9054543.0,545191415.0,24236170953.5,1292451019222.0,0.02260257416697628,62.47046906654212,2022-08-12,2022-06-30,10.157105285997202,1.4335956821035,4.30217569926569,1.0321871050562714,57.560672094953446
sh600941,2022-07-01,60.43,60.88,60.2,60.84,0.005619834710743898,6630988.0,401389970.0,24372374228.28,1299714380321.8,0.01655272917366782,62.82154277699874,2022-08-12,2022-06-30,10.214186538844443,1.4416522528790021,4.326353215592275,1.0379878259772806,57.88415355796642
sh600941,2022-07-04,60.85,60.96,60.2,60.32,-0.008547008547008628,5350630.0,323208588.0,24164063337.44,1288605710404.5,0.013356611307169041,62.284606513947466,2022-08-12,2022-06-30,10.126885799196046,1.4293304387518093,4.289375837681164,1.0291161351569462,57.389417202770126
sh600941,2022-07-05,59.8,59.8,57.59,58.42,-0.031498673740052996,42555252.0,2478887815.0,28085699330.14,1248016339552.9,0.08851756876753575,60.322724014337055,2022-08-12,2022-06-30,9.807902327404397,1.3843084255948397,4.15426618762158,0.9967003417750138,55.58172667416829
sh600941,2022-07-06,58.1,59.18,57.91,58.9,0.008216364258815334,17580040.0,1028573216.0,28316461666.3,1258270496399.6,0.03656757571629535,60.81835748792284,2022-08-12,2022-06-30,9.88848762554108,1.3956824078660524,4.1883991518470935,1.0048895948399073,56.038406386657165
sh600941,2022-07-07,58.75,59.2,58.22,58.92,0.00033955857385414845,9127399.0,536696360.0,28326076763.64,1258697752934.9,0.01898555714465601,60.839008882655584,2022-08-12,2022-06-30,9.891845346296934,1.3961563237940422,4.189821358689891,1.0052308137176276,56.057434708010874
sh600941,2022-07-08,58.81,59.44,58.39,58.92,0.0,7755932.0,456526752.0,28326076763.64,1258697752934.9,0.01613282055447189,60.839008882655584,2022-08-12,2022-06-30,9.891845346296934,1.3961563237940422,4.189821358689891,1.0052308137176276,56.057434708010874
sh600941,2022-07-11,58.93,59.76,58.57,59.58,0.011201629327902252,6934544.0,411873717.0,28643374975.86,1272797218599.1,0.014424282469094588,61.520504908836045,2022-08-12,2022-06-30,10.002650131234775,1.4117955494169456,4.23675418449993,1.016491036681846,56.68536931268309
sh600941,2022-07-12,59.5,60.23,59.27,59.58,0.0,7315811.0,436279675.0,28643374975.86,1272797218599.1,0.015217341523034441,61.520504908836045,2022-08-12,2022-06-30,10.002650131234775,1.4117955494169456,4.23675418449993,1.016491036681846,56.68536931268309
sh600941,2022-07-13,59.57,61.6,59.5,60.7,0.018798254447801366,9027694.0,546101646.0,29181820426.9,1296723584574.8,0.018778164548462074,62.67698301386956,2022-08-12,2022-06-30,10.190682493554219,1.4383348413831811,4.316397767693014,1.035599293833317,57.750955308490504
sh600941,2022-07-14,60.71,61.1,60.0,60.16,-0.008896210873146737,5324933.0,321799363.0,28922212798.72,1285187658122.2,0.011076191559387789,62.11939535608553,2022-08-12,2022-06-30,10.100024033149962,1.425539111327998,4.277998182939105,1.026386384135262,57.2371906319405
sh600941,2022-07-15,60.28,60.28,58.68,58.79,-0.022772606382978733,7982286.0,472811173.0,28263578630.93,1255920585455.6,0.01660365094130186,60.70477481689276,2022-08-12,2022-06-30,9.870020161385034,1.393075870262272,4.180577014212198,1.0030128910125642,55.93375061921179
sh600941,2022-07-18,58.79,59.58,57.92,59.49,0.011906786868515207,6635858.0,390908780.0,28600107037.8,1270874564190.0,0.013802997027187581,61.4275736325387,2022-08-12,2022-06-30,9.987540387831444,1.4096629277407118,4.230354253706502,1.0149555517319038,56.59974186659142
sh600941,2022-07-19,59.32,59.6,59.2,59.48,-0.00016809547823171123,3776772.0,224524046.0,28595299489.2,1270660935920.0,0.007855920468496716,61.41724793517233,2022-08-12,2022-06-30,9.985861527435047,1.40942596977411,4.229643150277281,1.014784942291167,56.590227705914565
sh600941,2022-07-20,59.48,60.84,59.38,60.36,0.01479488903833226,6592509.0,397868963.0,29018363772.12,1289460223475.0,0.013712828413237885,62.32590930341294,2022-08-12,2022-06-30,10.133601240706977,1.4302782706076789,4.292220251366429,1.0297985729123076,57.42747384547753
sh600941,2022-07-21,60.31,60.85,59.72,60.45,0.0014910536779324524,5775311.0,348738982.0,29061631710.15,1291382877883.8,0.012013005788249254,62.418840579710285,2022-08-12,2022-06-30,10.148710984107948,1.4324108922835799,4.298620182158858,1.03133405786201,57.5131012915692
sh600941,2022-07-22,60.35,61.0,60.08,60.58,0.0021505376344084226,4343815.0,262730420.0,29124129842.86,1294160045363.1,0.009035405147546848,62.5530746454731,2022-08-12,2022-06-30,10.170536169019853,1.4354913458153504,4.307864526636553,1.0335519805670736,57.63678538036827
sh600941,2022-07-25,60.43,60.67,59.83,60.54,-0.000660283922086502,3797669.0,229216646.0,29104899648.18,1293305532292.6,0.007899387527157369,62.51177185600762,2022-08-12,2022-06-30,10.16382072750892,1.4345435139594807,4.305020112951288,1.0328695428117125,57.59872873766086
sh600941,2022-07-26,60.45,60.75,59.72,60.49,-0.0008259002312520636,5817763.0,350270872.0,29080861904.83,1292237390954.4,0.012101308586440165,62.46014336917577,2022-08-12,2022-06-30,10.155426425619666,1.4333587241395602,4.301464595844457,1.032016495617451,57.55115793427661
sh600941,2022-07-27,60.35,60.55,59.36,59.37,-0.018515457100347188,5459808.0,326272059.0,28542416453.79,1268311024978.7,0.011356739941230796,61.30366526414226,2022-08-12,2022-06-30,9.96739406330022,1.4068194321733245,4.221821012651372,1.01290823846598,56.48557193846921
sh600941,2022-07-28,59.52,59.62,58.9,58.9,-0.007916456122620819,6446095.0,381407694.0,28316461666.3,1258270496399.6,0.01340827819430063,60.818357487922846,2022-08-12,2022-06-30,9.88848762554108,1.3956824078660524,4.1883991518470935,1.0048895948399073,56.03840638665717
sh600941,2022-07-29,58.8,59.06,58.2,58.2,-0.011884550084889534,4474286.0,262425669.0,27979933259.4,1243316517664.8,0.009306792935702095,60.095558672276916,2022-08-12,2022-06-30,9.770967399091523,1.3790953503871688,4.138621912351457,0.9929469341202478,55.37241513927756
sh600941,2022-08-01,58.23,58.98,57.92,58.9,0.012027491408934665,7562368.0,441050135.0,28316461666.3,1258270496399.6,0.015730195405385256,60.818357487922846,2022-08-12,2022-06-30,9.88848762554108,1.3956824078660524,4.1883991518470935,1.0048895948399073,56.03840638665717
sh600941,2022-08-02,58.47,58.88,57.62,58.81,-0.0015280135823428909,8017047.0,466339479.0,28273193728.27,1256347841990.8,0.016675955981533517,60.72542621162552,2022-08-12,2022-06-30,9.873377882140108,1.3935497861901514,4.181999221054665,1.0033541098902048,55.952778940565516
sh600941,2022-08-03,58.55,58.77,58.06,58.11,-0.01190273762965488,4167941.0,243558047.0,27936665321.37,1241393863256.0,0.008669576297810002,60.00262739597957,2022-08-12,2022-06-30,9.755857655690553,1.376962728711268,4.132221981559028,0.9914114491705455,55.28678769318588
sh600941,2022-08-04,58.3,60.48,58.05,60.45,0.04026845637583909,11038226.0,657023073.0,29061631710.15,1291382877883.8,0.02296019605351182,62.4188405797103,2022-08-12,2022-06-30,10.148710984107948,1.4324108922835799,4.298620182158858,1.03133405786201,57.513101291569214
sh600941,2022-08-05,60.38,61.75,60.16,61.15,0.011579818031430822,8838444.0,540318228.0,29398160117.05,1306336856618.6,0.018384512787470126,63.141639395356236,2022-08-12,2022-06-30,10.266231210557503,1.4489979497624637,4.348397421654496,1.0432767185816694,58.17909253894884
sh600941,2022-08-08,60.9,61.69,59.35,59.9,-0.02044153720359776,7408341.0,445973875.0,28797216533.300003,1279633323163.6,0.015409809673336076,61.8509272245599,2022-08-12,2022-06-30,10.056373663326157,1.4193782042644574,4.259509493983717,1.0219505387251349,56.989822454342345
sh600941,2022-08-09,59.99,61.2,59.8,60.8,0.015025041736226985,6227673.0,377714300.0,29229895913.6,1298859867251.2,0.012953946860406927,62.78023998753326,2022-08-12,2022-06-30,10.207471097332725,1.4407044210230215,4.3235088019066765,1.0373053882218395,57.84609691525901
sh600941,2022-08-10,60.57,61.3,60.25,60.76,-0.0006578947368420796,3984923.0,241635390.0,29210665718.92,1298005354180.6,0.008288887484107364,62.738937198067774,2022-08-12,2022-06-30,10.200755655821009,1.439756589167041,4.320664388221079,1.0366229504663986,57.80804027255161
sh600941,2022-08-11,60.79,61.46,60.78,61.35,0.009710335747202148,5474640.0,335180539.0,29494311090.45,1310609421971.4,0.011387591422969412,63.348153342683645,2022-08-12,2022-06-30,10.299808418114518,1.453737109042144,4.362619490081818,1.0466889073587147,58.369375752485865
sh600941,2022-08-12,62.03,63.88,61.97,63.17,0.02966585167074176,15021133.0,949053779.0,30369284948.39,1349489766681.9,0.031244890132334325,65.2274302633631,2022-08-12,2022-06-30,10.605361006883514,1.4968634584872633,4.492040312770539,1.077739825229845,60.100952995672905
sh600941,2022-08-15,63.16,63.99,62.83,63.18,0.00015830299192653996,8084989.0,511685590.0,30374092497.06,1349703394949.5,0.016817279563807307,65.23775596072947,2022-10-21,2022-09-30,10.574215142074255,1.4621183654793821,4.602726077443391,1.089068589240946,60.11046715634975
sh600941,2022-08-16,63.0,63.5,62.1,62.16,-0.01614434947768284,4772651.0,298457615.0,29883722532.72,1327913311650.2,0.009927410677674949,64.18453482935966,2022-10-21,2022-09-30,10.403501317368242,1.4385134156093227,4.528418059099031,1.0714862853310567,59.14002276731087
sh600941,2022-08-17,62.18,62.47,61.65,62.25,0.0014478764478764727,3771886.0,234247410.0,29926990470.75,1329835966059.0,0.007845757284865928,64.27746610565701,2022-10-21,2022-09-30,10.418564301901426,1.4405962053037813,4.534974648953075,1.0730376650878426,59.22565021340254
sh600941,2022-08-18,62.0,63.12,61.79,62.7,0.0072289156626506035,4341554.0,271894502.0,30143330160.9,1339449238102.8,0.009030702127036397,64.74212248714369,2022-10-21,2022-09-30,10.493879224565774,1.4510101537758568,4.567757598222617,1.08079456387161,59.65378744386087
sh600941,2022-08-19,62.3,64.15,62.3,63.62,0.014673046251993505,6465901.0,411344244.0,30585624638.54,1359103038725.7002,0.013449475905149805,65.69208664484978,2022-10-21,2022-09-30,10.64785639979082,1.4723008928743442,4.6347805167293,1.0966531124962178,60.52909022613123
sh600941,2022-08-22,63.62,65.7,63.3,65.2,0.02483495756051557,9397839.0,609430802.0,31345217328.4,1392856305012.8,0.019548089151222258,67.32354682873633,2022-10-21,2022-09-30,10.912295461589927,1.5088654230651655,4.749885094164507,1.123888446003652,62.03232761307382
sh600941,2022-08-23,65.01,65.18,64.3,64.92,-0.004294478527607337,5282566.0,342694449.0,31210605965.64,1386874713518.9,0.010988065566479226,67.03442730247797,2022-10-21,2022-09-30,10.865432843043378,1.502385632904784,4.729486814619083,1.1190619312048793,61.765931114121976
sh600941,2022-08-24,64.88,65.3,63.6,64.21,-0.01093653727664834,5582933.0,358974539.0,30869270010.07,1371707106516.4,0.011612847592866906,66.30130278946564,2022-10-21,2022-09-30,10.746602631728049,1.4859547364265557,4.677762605771381,1.1068232686793311,61.09042570606548
sh600941,2022-08-25,64.06,65.9,64.06,65.26,0.016352593054041575,7002408.0,456656766.0,31374062620.42,1394138074618.6,0.014565443806521049,67.38550101293455,2022-10-21,2022-09-30,10.922337451278194,1.5102539495280654,4.754256154066976,1.1249226991747887,62.08941257713494
sh600941,2022-08-26,65.0,65.55,64.63,65.17,-0.001379098988660843,4947388.0,321703814.0,31330794682.39,1392215420209.9,0.010290874496752625,67.29256973663722,2022-10-21,2022-09-30,10.907274466745793,1.508171159833715,4.747699564213272,1.1233713194180837,62.00378513104326
sh600941,2022-08-29,64.7,65.18,63.81,63.82,-0.020715052938468648,5485501.0,353359381.0,30681775611.94,1363375604078.5,0.011410182977929166,65.89860059217719,2022-10-21,2022-09-30,10.681329698752752,1.4769293144174886,4.649350716404651,1.100100623066781,60.71937343966827
sh600941,2022-08-30,64.15,64.34,62.93,64.1,0.004387339392039946,5028378.0,320374132.0,30816386974.7,1369357195572.4,0.01045933872989787,66.18772011843555,2022-10-21,2022-09-30,10.7281923172993,1.4834091045778695,4.669748995950075,1.1049271378655534,60.98576993862011
sh600941,2022-08-31,64.08,65.77,63.91,64.02,-0.0012480499219968966,9841575.0,636923181.0,30777926585.34,1367648169431.2998,0.02047108760731485,66.1051145395046,2022-10-21,2022-09-30,10.714802997714681,1.4815577359606331,4.663920916080001,1.103548133637344,60.909656653205296
sh600941,2022-09-01,64.12,65.08,64.03,64.46,0.0068728522336769515,4443707.0,286728299.0,30989458726.82,1377047813207.4,0.009243186715361947,66.5594452236249,2022-10-21,2022-09-30,10.788444255430463,1.4917402633554864,4.69597535536557,1.1111326568925353,61.32827972298678
sh600941,2022-09-02,64.46,64.83,63.71,64.18,-0.004343779087806143,3613467.0,232112475.0,30854847364.06,1371066221713.5,0.007516235919874733,66.27032569736654,2022-10-21,2022-09-30,10.741581636883918,1.4852604731951058,4.675577075820147,1.1063061420937628,61.06188322403495
sh600941,2022-09-05,64.18,66.2,63.99,65.1,0.01433468370208768,8243615.0,537600381.0,31297141841.7,1390720022336.4,0.017147231501662568,67.22028985507264,2022-10-21,2022-09-30,10.89555881210896,1.506551212293593,4.742599994326831,1.1221646907183702,61.93718600630531
sh600941,2022-09-06,63.77,63.77,62.29,62.96,-0.003955070400253113,7477677.0,469803610.0,30268326426.32,1345003573061.4,0.015554032862240373,66.9544288763704,2022-10-21,2022-09-30,10.537394513215974,1.4570271017819014,4.586698857800436,1.0852763276133102,61.6922200752568
sh600941,2022-09-07,62.79,63.76,62.5,63.67,0.011277001270648013,4676328.0,296023300.0,30609662381.890003,1360171180063.9,0.009727052851656308,67.70947405588474,2022-10-21,2022-09-30,10.656224724531302,1.4734579982601301,4.638423066648137,1.0975149901388586,62.38792331943457
sh600941,2022-09-08,63.62,65.18,63.4,64.81,0.017904821737081855,6565543.0,425061098.0,31157722930.27,1384524802574.8,0.01365673745742859,68.92180011876692,2022-10-21,2022-09-30,10.847022528613847,1.4998400010559898,4.7214732047974355,1.1171658003910212,63.50496796501578
sh600941,2022-09-09,64.75,66.09,64.75,65.37,0.008640641876253685,5644748.0,369481536.0,31426945655.79,1396487985562.7,0.011741426634376642,69.51732871105993,2022-10-21,2022-09-30,10.940747765707727,1.5127995813768598,4.762269763888624,1.126818829988647,64.05369165056445
sh600941,2022-09-13,65.32,65.7,64.25,64.79,-0.008872571515985861,4800358.0,310654392.0,31148107832.93,1384097546039.6,0.009985042959533888,68.90053124047076,2022-10-21,2022-09-30,10.843675198718282,1.4993771589017624,4.720016184830174,1.1168210493340296,63.4853706905319
sh600941,2022-09-14,64.22,64.63,63.56,64.04,-0.011575860472295085,4274263.0,273466100.0,30787541682.68,1368075425966.6,0.008890732665219177,68.10294830436405,2022-10-21,2022-09-30,10.718150327611035,1.4820205781149698,4.665377936047607,1.103892884694417,62.750472897386366
sh600941,2022-09-15,64.04,64.6,63.78,64.38,0.005309181761399051,4643904.0,298128606.0,30950998337.460003,1375338787066.2998,0.009659608916658142,68.46451923539908,2022-10-21,2022-09-30,10.775054935845848,1.4898888947382503,4.690147275495498,1.109753652664326,63.08362656361234
sh600941,2022-09-16,64.24,64.38,63.45,63.5,-0.013668841255048081,5982783.0,381934614.0,30527934054.5,1356539499514.0,0.012444560441652274,67.52868859036722,2022-10-21,2022-09-30,10.627772420413503,1.4695238399484356,4.626038396924021,1.0945846061538635,62.221346486321586
sh600941,2022-09-19,63.5,64.6,63.03,64.36,0.01354330708661422,5878159.0,375513896.0,30941383240.120003,1374911530531.0,0.012226936019765764,68.44325035710291,2022-10-21,2022-09-30,10.771707605949498,1.4894260525839143,4.688690255527895,1.1094089016072537,63.06402928912846
sh600941,2022-09-20,64.41,64.89,63.85,64.38,0.0003107520198881719,3894455.0,249834092.0,30950998337.460003,1375338787066.2998,0.008100708421949267,68.4645192353991,2022-10-21,2022-09-30,10.775054935845848,1.4898888947382503,4.690147275495498,1.109753652664326,63.08362656361235
sh600941,2022-09-21,64.1,64.59,63.91,64.0,-0.005902454178316141,3234464.0,207839515.0,30768311488.0,1367220912896.0002,0.0067278861266317665,68.06041054777171,2022-10-21,2022-09-30,10.711455667818335,1.4810948938062976,4.6624638961124,1.103203382580272,62.71127834841862
sh600941,2022-09-22,63.77,64.95,62.54,64.52,0.008124999999999938,6222081.0,396654401.0,31018304018.84,1378329582813.2998,0.012942315152890588,68.61340138347235,2022-10-21,2022-09-30,10.798486245119513,1.4931287898184948,4.70034641526838,1.1121669100637526,63.22080748499952
sh600941,2022-09-23,64.28,68.89,64.21,68.4,0.06013639181649122,14208603.0,956232787.0,32883632902.8,1461217350657.6,0.029554777237439808,72.73956377293102,2022-10-21,2022-09-30,11.447868244980846,1.5829201677554803,4.983008288970127,1.1790486151326656,67.0226787348724
sh600941,2022-09-26,67.96,68.16,65.66,66.19,-0.032309941520467955,11464658.0,764688721.0,31821164646.73,1414005503509.2,0.023847201114242697,70.38935272120327,2022-10-21,2022-09-30,11.077988291451804,1.5317761097037745,4.822007582557632,1.1409536233279727,64.85717990440357
sh600941,2022-09-27,66.28,68.61,66.12,68.17,0.02991388427254882,9898948.0,668224035.0,32773059283.39,1456303900501.9,0.020590427012775307,72.49497167252495,2022-10-21,2022-09-30,11.409373951174777,1.5775974829808852,4.96625255934354,1.1750839779765336,66.79731007830777
sh600941,2022-09-28,67.5,69.27,67.03,67.09,-0.015842746075986458,9532239.0,651730633.0,32253844027.030003,1433232047596.8,0.019827649503546263,71.34645224453132,2022-10-21,2022-09-30,11.228618136780502,1.5526040066479259,4.887573481096712,1.156467420895508,65.73905725617821
sh600941,2022-09-29,67.0,67.98,66.72,67.5,0.0061111939186166975,4243001.0,285582369.0,32450953522.5,1441990806570.0,0.00882570576243381,71.78246424960298,2022-10-21,2022-09-30,11.29723839965215,1.5620922708113292,4.917442390431046,1.1635348175651306,66.14080138309777
sh600941,2022-09-30,67.02,68.96,66.5,68.33,0.01229629629629625,4969520.0,337690115.0,32849980062.11,1459721952784.1,0.010336910432151694,72.66512269889438,2022-10-21,2022-09-30,11.436152590344014,1.5813002202153579,4.977908719083686,1.1778419864329526,66.95408827417882
sh600941,2022-10-10,68.23,72.27,68.08,71.14,0.0411239572662081,13508961.0,961238155.0,34200901238.38,1519751495991.0,0.028099478398000286,75.65340009950748,2022-10-21,2022-09-30,11.90645244075963,1.6463295428966054,5.182620024522575,1.2262795099494157,69.70750533916406
sh600941,2022-10-11,70.98,71.85,69.68,70.95,-0.0026707899915658917,6582936.0,464754470.0,34109557813.65,1515692558905.8,0.013692915978321235,75.4513457556938,2022-10-21,2022-09-30,11.874652806745482,1.6419325424305748,5.168778334830855,1.2230043749073483,69.5213312315672
sh600941,2022-10-12,70.39,72.5,70.39,71.13,0.0025369978858349462,6528262.0,465905382.0,34196093689.71,1519537867723.2998,0.013579190660590858,75.64276566035939,2022-10-21,2022-09-30,11.904778775811062,1.646098121819383,5.181891514538602,1.226107134420839,69.69770670192212
sh600941,2022-10-13,70.51,71.54,69.96,70.58,-0.007732321102207229,7089132.0,501322737.0,33931678512.86,1507788313003.1,0.01474583511600726,75.05787150721449,2022-10-21,2022-09-30,11.81272720366575,1.6333699625757354,5.141823465431387,1.2166264803517899,69.1587816536154
sh600941,2022-10-14,70.58,71.07,68.38,68.86,-0.024369509776140497,10993038.0,764860210.0,33104780141.62,1471044250968.9998,0.022866202205291456,73.22874797374311,2022-10-21,2022-09-30,11.524856832592974,1.593565537304669,5.016519748223297,1.1869778894449288,67.47341604800165
sh600941,2022-10-17,68.68,70.47,68.5,69.27,0.005954109787975614,7247399.0,502709785.0,33301889637.09,1479803009942.3,0.015075040311552372,73.66475997881477,2022-10-21,2022-09-30,11.593477095465406,1.603053801468181,5.046388657557973,1.1940452861146322,67.8751601749212
sh600941,2022-10-18,68.88,70.23,68.3,68.94,-0.0047639670853183436,7073090.0,487564963.0,33143240530.98,1472753277110.2,0.014712466759072873,73.31382348692782,2022-10-21,2022-09-30,11.538246152178376,1.595416905922014,5.022347828093712,1.188356893673219,67.55180514593717
sh600941,2022-10-19,68.3,70.35,68.11,70.2,0.018276762402088753,7735290.0,536544053.0,33748991663.4,1499670438832.8,0.01608988391166927,74.65376281958707,2022-10-21,2022-09-30,11.749127935638235,1.6245759616437823,5.114140086048288,1.2100762102677358,68.78643343842165
sh600941,2022-10-20,69.6,71.5,68.46,69.14,-0.015099715099715083,8523095.0,595575245.0,33239391504.38,1477025842463.0,0.017728567270022044,73.52651226988961,2022-10-21,2022-09-30,11.571719451140309,1.600045327465159,5.0369180277690635,1.1918044042437823,67.74777789077598
sh600941,2022-10-21,67.0,69.38,66.0,67.85,-0.018657795776685027,9884161.0,672358693.0,32619217725.95,1449467795937.4,0.02055966913383323,72.15466961978608,2022-10-21,2022-09-30,11.35581667283553,1.5701920085118322,4.94294023986291,1.1695679610636163,66.48375368656565
sh600941,2022-10-24,68.0,68.76,66.74,67.19,-0.00972733971997053,7927420.0,536876102.0,32301919513.730003,1435368330273.2,0.01648952625163959,71.45279663601218,2023-04-21,2023-03-31,11.211975615509955,1.4941092348409728,5.159761778216654,1.1093168209444007,65.83704362859758
sh600941,2022-10-25,67.23,67.84,65.33,66.49,-0.010418216996576968,7407573.0,491967388.0,31965391106.83,1420414351538.4,0.01540821218560851,70.70838589564592,2023-04-21,2023-03-31,11.095166820587247,1.4785432806158105,5.106006260360552,1.0977597175858496,65.15113902166175
sh600941,2022-10-26,66.49,67.5,65.81,66.28,-0.0031583696796509964,6913842.0,461652363.0,31864432584.76,1415928157917.9,0.014381221022563253,70.48506267353605,2023-04-21,2023-03-31,11.060124182109965,1.4738734943481993,5.089879605003504,1.0942925865782376,64.94536763958101
sh600941,2022-10-27,66.42,68.84,66.06,68.05,0.02670488835244411,8195235.0,555168271.0,32715368699.35,1453740361290.2,0.01704659809507451,72.36735840274784,2023-04-21,2023-03-31,11.35548356355754,1.5132331214604162,5.22580427158258,1.1235155479277328,66.67972643140445
sh600941,2022-10-28,67.8,68.39,66.87,66.98,-0.015723732549595804,5874102.0,396869947.0,32200960991.66,1430882136652.7,0.012218497207642415,71.2294734139023,2023-04-21,2023-03-31,11.176932977032674,1.4894394485733615,5.1436351228596076,1.1058496899367891,65.63127224651683
sh600941,2022-10-31,66.63,67.9,65.98,67.2,0.0032845625559867475,6134719.0,410436166.0,32306727062.4,1435581958540.7998,0.012760596763755697,71.46343107516024,2023-04-21,2023-03-31,11.213644312579966,1.4943316056155762,5.160529714185883,1.1094819224209205,65.84684226583951
sh600941,2022-11-01,66.77,70.25,66.77,69.4,0.032738095238095344,8556691.0,591452657.0,33364387769.8,1482580177421.6,0.017798449037854464,73.8030076877399,2023-04-21,2023-03-31,11.580757668051335,1.543253176037515,5.329475627447922,1.1458042472620817,68.0025424590664
sh600941,2022-11-02,69.2,70.17,67.88,68.92,-0.00691642651296831,9172297.0,631217058.0,33133625433.64,1472326020574.9,0.01907894777485425,73.29255460863162,2023-04-21,2023-03-31,11.50066020867592,1.5325793788545674,5.292614700918094,1.137879376387662,67.53220787145327
sh600941,2022-11-03,68.92,68.92,66.9,67.15,-0.025681950087057426,8497799.0,573642679.0,32282689319.05,1434513817202.6,0.017675950017995348,71.41025887941981,2023-04-21,2023-03-31,11.205300827228346,1.4932197517423507,5.15669003433902,1.108656415038167,65.79784907962981
sh600941,2022-11-04,67.01,68.75,66.8,67.85,0.010424422933730249,8697797.0,589825569.0,32619217725.95,1449467795937.4,0.01809195828692463,72.15466961978605,2023-04-21,2023-03-31,11.322109622151052,1.5087857059675127,5.210445552195122,1.1202135183967181,66.48375368656563
sh600941,2022-11-07,67.61,67.84,65.91,66.14,-0.02520265291083268,9027918.0,601364993.0,31797126903.38,1412937362171.0,0.018778630482382614,70.33618052546278,2023-04-21,2023-03-31,11.036762423125893,1.4707603035032293,5.0791285014325,1.0919811659065737,64.80818671819382
sh600941,2022-11-08,66.16,66.8,65.88,66.61,0.007106138494103353,6347905.0,421179152.0,32023081690.870003,1422977890750.0,0.013204036892256774,70.83599916542298,2023-04-21,2023-03-31,11.115191185430517,1.4812117299114695,5.115221491992739,1.0997409353043965,65.26872266856502
sh600941,2022-11-09,66.59,66.67,66.02,66.27,-0.005104338687884735,4390751.0,290902829.0,31859625036.09,1415714529650.3,0.00913303494439714,70.47442823438793,2023-04-21,2023-03-31,11.058455485039955,1.473651123573596,5.089111669034277,1.0941274851017182,64.93556900233904
sh600941,2022-11-10,66.1,66.44,65.93,65.97,-0.004526935264825616,4717389.0,311725645.0,31715398575.99,1409305681621.1,0.009812462283403154,70.15539505994525,2023-04-21,2023-03-31,11.008394572930223,1.4669800003342408,5.066073589953089,1.0891744408051962,64.64160988508083
sh600941,2022-11-11,66.64,67.08,65.85,66.67,0.010610883735031162,7318837.0,487054909.0,32051926982.89,1424259660355.9,0.01522363579108602,70.89980580031151,2023-04-21,2023-03-31,11.12520336785293,1.4825459545594029,5.119829107809191,1.1007315441637473,65.32751449201666
sh600941,2022-11-14,66.67,66.7,64.59,64.9,-0.02654867256637161,9768568.0,638988446.0,31200990868.3,1386447456983.6,0.020319228510275282,69.01751007109972,2023-04-21,2023-03-31,10.829843986405356,1.4431863274471863,4.983904441230117,1.0715085828142523,63.59315570019322
sh600941,2022-11-15,64.51,65.69,64.51,65.22,0.004930662557781185,7248852.0,472295505.0,31354832425.74,1393283561548.1,0.015078062641849447,69.35781212383857,2023-04-21,2023-03-31,10.883242292655893,1.4503021922358525,5.0084783922501215,1.0767918300638912,63.90671209193532
sh600941,2022-11-16,65.23,65.8,65.0,65.25,0.0004599816007360147,4583067.0,299540359.0,31369255071.75,1393924446351.0,0.00953306417592648,69.38971544128285,2023-04-21,2023-03-31,10.888248383866708,1.4509693045597674,5.010782200158168,1.0772871344935278,63.93610800366114
sh600941,2022-11-17,65.3,65.88,64.51,64.83,-0.006436781609195474,6720349.0,437752865.0,31167338027.61,1384952059110.1,0.013978743557888931,68.9430689970631,2023-04-21,2023-03-31,10.81816310691293,1.4416297320246492,4.978528889444435,1.0703528724783817,63.524565239499644
sh600941,2022-11-18,64.98,66.87,64.78,66.26,0.022057689341354436,9448004.0,624473889.0,31854817487.42,1415500901382.6,0.019652435468739626,70.46379379523987,2023-04-21,2023-03-31,11.056786787969163,1.4734287527988885,5.088343733064688,1.0939623836251209,64.92577036509712
sh600941,2022-11-21,66.05,67.53,66.02,66.16,-0.001509206157561227,7062190.0,472102033.0,31806742000.72,1413364618706.2002,0.014689794081689451,70.35744940375896,2023-04-21,2023-03-31,11.040099817265919,1.4712050450524368,5.080664373370959,1.0923113688596138,64.82778399267771
sh600941,2022-11-22,66.01,71.12,65.9,70.1,0.05955259975816207,24625650.0,1707641013.0,33700916176.7,1497534156156.4,0.051222882367616254,74.54741842810616,2023-04-21,2023-03-31,11.697566462974041,1.558819130262677,5.383231145304024,1.1573613506206328,68.68844706600223
sh600941,2022-11-23,69.69,69.94,68.0,68.57,-0.021825962910128394,8507700.0,586749134.0,32965361230.19,1464849031207.5,0.017696544713295643,72.92034923844848,2023-04-21,2023-03-31,11.442255811214567,1.5247964017419862,5.265736941990043,1.1321008247083864,67.18925556798534
sh600941,2022-11-24,68.24,69.19,67.98,68.11,-0.006708473093189338,4996363.0,341846256.0,32744213991.370003,1455022130896.0,0.010392745540317118,72.43116503763639,2023-04-21,2023-03-31,11.365495745979176,1.5145673461082458,5.230411887398673,1.1245061567870063,66.73851825485609
sh600941,2022-11-25,68.03,72.12,67.66,72.0,0.05711349287916612,14556390.0,1032768139.0,34614350424.0,1538123527008.0,0.030278195810756088,76.56796186624314,2023-04-21,2023-03-31,12.014618906335679,1.6010695774452606,5.529138979484875,1.1887306311652721,70.55018814197092
sh600941,2022-11-28,71.5,72.4,71.03,72.3,0.004166666666666652,8913597.0,640910687.0,34758576884.1,1544532375037.2,0.018540835697873445,76.88699504068582,2023-04-21,2023-03-31,12.064679818445411,1.6077407006846156,5.552177058566062,1.193683675461794,70.84414725922912
sh600941,2022-11-29,72.15,72.4,70.6,71.15,-0.015905947441216983,9530607.0,680586066.0,34205708787.05,1519965124258.6,0.01982425484212519,75.66403453865556,2023-04-21,2023-03-31,11.872779655358105,1.5821680616004208,5.46386442208818,1.17469700565846,69.717303976406
sh600941,2022-11-30,71.19,76.0,70.7,73.81,0.037385804638088604,15819291.0,1165370752.0,35484516733.27,1576790243450.7998,0.032905108374077056,78.49279535204732,2023-04-21,2023-03-31,12.316653076064082,1.6413186876559953,5.6681353899412255,1.2186139984209234,72.32374148276214
sh600941,2022-12-01,73.53,77.33,72.51,73.91,0.0013548299688388443,17857940.0,1331379263.0,35532592219.97,1578926526127.2002,0.037145624986465293,78.59913974352821,2023-04-21,2023-03-31,12.333340046767328,1.6435423954024473,5.675814749634956,1.2202650131864312,72.42172785518154
sh600941,2022-12-02,72.77,73.79,72.01,72.44,-0.019889054255175176,8239610.0,600051457.0,34825882565.48,1547523170784.2002,0.017138900852770773,77.03587718875909,2023-04-21,2023-03-31,12.088041577430268,1.6108538915296902,5.562928162137427,1.1959950961335355,70.98132818061632
sh600941,2022-12-05,72.69,77.8,72.69,77.59,0.07109331860850365,16843820.0,1283889084.0,37301770130.53,1657541728618.8,0.035036192363706226,82.51261335002509,2023-04-21,2023-03-31,12.947420568647331,1.7253748404719549,5.95841518636447,1.2810223565571623,76.02762636021562
sh600941,2022-12-06,76.8,79.24,76.66,76.81,-0.010052841861064588,12718188.0,987777599.0,36926781334.27,1640878723742.8,0.02645462141520036,81.68312709647412,2023-04-21,2023-03-31,12.817262197161401,1.708029920049548,5.898516180753096,1.2681444413861434,75.26333265534427
sh600941,2022-12-07,76.4,76.8,73.36,73.6,-0.04179143340710856,12728776.0,946659259.0,35383558211.2,1572304049830.4,0.026476645113194454,78.26947212993744,2023-04-21,2023-03-31,12.281610437587581,1.6366489013884884,5.6520087345845385,1.2151468674133892,72.11797010068139
sh600941,2022-12-08,73.56,73.56,71.6,71.95,-0.0224184782608694,8685602.0,627684754.0,34590312680.65,1537055385669.8,0.01806659192906309,76.51478967050272,2023-04-21,2023-03-31,12.006275420984057,1.5999577235720346,5.525299299638011,1.1879051237825184,70.50119495576124
sh600941,2022-12-09,71.98,73.4,71.6,72.89,0.013064628214037421,7522790.0,546115782.0,35042222255.63,1557136442828.0,0.015647870705799847,77.51442695042311,2023-04-21,2023-03-31,12.163132945594864,1.6208605763887225,5.597485280759207,1.2034246625783183,71.42226685650363
sh600941,2022-12-12,71.99,75.16,71.7,73.75,0.011798600631087952,8789151.0,651741220.0,35455671441.25,1575508473845.0,0.018281980284143438,78.4289887171588,2023-04-21,2023-03-31,12.306640893642449,1.6399844630081661,5.663527774125133,1.2176233895616502,72.2649496593105
sh600941,2022-12-13,73.3,75.0,72.78,73.4,-0.004745762711864332,4992278.0,368506860.0,35287407237.8,1568031484477.6,0.0103842484864537,78.05678334697566,2023-04-21,2023-03-31,12.248236496181097,1.6322014858955851,5.636650015197081,1.2118448378823747,71.92199735584259
sh600941,2022-12-14,73.66,73.66,71.88,72.17,-0.016757493188010897,5337517.0,386303825.0,34696078751.39,1541755207557.9,0.011102367061423842,76.74874733176068,2023-04-21,2023-03-31,12.042986756531349,1.604849880614249,5.542193890964286,1.1915373562666498,70.71676497508393
sh600941,2022-12-15,71.78,72.79,71.78,71.85,-0.004433975336012308,3681871.0,265897701.0,34542237193.95,1534919102993.4,0.007658520490859638,76.4084452790218,2023-04-21,2023-03-31,11.989588450280811,1.5977340158255828,5.517619939944281,1.1862541090170111,70.40320858334182
sh600941,2022-12-16,71.48,71.76,70.61,70.98,-0.012108559498956062,6744415.0,478778282.0,34123980459.66,1516333443708.7,0.014028802333476949,75.48324907313804,2023-04-21,2023-03-31,11.844411805162434,1.5783877584314319,5.450809510608767,1.1718902805570819,69.550727143293
sh600941,2022-12-19,71.1,71.23,68.74,68.78,-0.030994646379261748,7608404.0,528630425.0,33066319752.26,1469335224827.9,0.015825953146304812,73.14367246055839,2023-04-21,2023-03-31,11.477298449691066,1.529466188009493,5.281863597346729,1.1355679557159208,67.39502695006611
sh600941,2022-12-20,68.99,69.74,68.19,69.0,0.003198604245420178,6241444.0,430528031.0,33172085823.0,1474035046716.0002,0.012982591396209412,73.37763012181635,2023-04-21,2023-03-31,11.514009785238361,1.5343583450517082,5.298758188673006,1.1392001882000526,67.61059696938881
sh600941,2022-12-21,68.94,69.74,68.8,69.0,0.0,4384022.0,303078278.0,33172085823.0,1474035046716.0002,0.009119038206221633,73.37763012181635,2023-04-21,2023-03-31,11.514009785238361,1.5343583450517082,5.298758188673006,1.1392001882000526,67.61059696938881
sh600941,2022-12-22,69.28,70.87,68.73,69.54,0.007826086956521872,8233218.0,573949119.0,33431693451.18,1485570973168.6,0.017125605095538225,73.95188983581318,2023-04-21,2023-03-31,11.60411942703619,1.546366366882589,5.340226731019286,1.1481156679338231,68.13972338045359
sh600941,2022-12-23,69.3,69.52,68.25,69.45,-0.0012942191544434989,5061318.0,348756250.0,33388425513.15,1483648318759.7998,0.010527855976962996,73.85617988348037,2023-04-21,2023-03-31,11.589101153402956,1.5443650299107408,5.333315307294785,1.1466297546448352,68.05153564527612
sh600941,2022-12-26,69.1,71.23,69.02,71.15,0.024478041756659463,6813035.0,479774590.0,34205708787.05,1519965124258.6,0.014171536197885233,75.66403453865556,2023-04-21,2023-03-31,11.872779655358105,1.5821680616004208,5.46386442208818,1.17469700565846,69.717303976406
sh600941,2022-12-27,71.33,72.55,70.7,72.01,0.012087139845397,4782015.0,344930211.0,34619157972.67,1538337155275.6,0.009946888379603239,76.57859630539123,2023-04-21,2023-03-31,12.01628760340569,1.601291948219864,5.529906915454104,1.188895732641792,70.55998677921286
sh600941,2022-12-28,71.79,72.37,70.5,71.0,-0.014025829745868745,4141370.0,295214695.0,34133595557.0,1516760700244.0,0.008614306966548088,75.50451795143421,2023-04-21,2023-03-31,11.847749199303239,1.578832499980743,5.452345382547585,1.1722204835101988,69.57032441777687
sh600941,2022-12-29,70.8,70.96,68.61,68.8,-0.030985915492957816,7649500.0,530679323.0,33075934849.6,1469762481363.2,0.015911435380226737,73.16494133885455,2023-04-21,2023-03-31,11.48063584383187,1.5299109295588045,5.2833994692855475,1.1358981586690378,67.41462422454998
sh600941,2022-12-30,68.6,68.84,67.48,67.67,-0.016424418604651048,9531833.0,647201753.0,32532681849.890003,1445622487119.9,0.01982680499831528,71.96324971512047,2023-04-21,2023-03-31,11.29207307488537,1.5047830320239204,5.196622704746481,1.1172416918188204,66.30737821621072
sh600941,2023-01-03,67.67,72.18,67.5,71.95,0.06324811585636181,12678466.0,894439443.0,34590312680.65,1537055385669.8,0.026371997186666028,76.51478967050271,2023-04-21,2023-03-31,12.006275420984057,1.5999577235720346,5.525299299638011,1.1879051237825184,70.50119495576122
sh600941,2023-01-04,71.8,73.88,71.5,73.37,0.019735927727588587,9235592.0,673027591.0,35272984591.79,1567390599674.7,0.019210605308338978,78.02488002953139,2023-04-21,2023-03-31,12.243230404970278,1.6315343735716703,5.634346207289035,1.2113495334527378,71.89260144411676
sh600941,2023-01-05,73.07,75.9,73.07,73.99,0.008450320294398184,10953241.0,818494901.0,56130505929.33,1580635552268.4,0.014438321696411504,78.68421525671292,2023-04-21,2023-03-31,12.346689623330546,1.6453213615996918,5.681958237390226,1.2215858249988987,72.50011695311706
sh600941,2023-01-06,73.85,74.03,72.0,73.46,-0.007163130152723407,7900872.0,576384308.0,55728435809.82,1569313254083.4,0.010414755926412113,78.12058998186419,2023-04-21,2023-03-31,12.258248678602728,1.633535710543414,5.641257631013175,1.2128354467416478,71.98078917929422
sh600941,2023-01-09,73.39,74.65,73.13,73.34,-0.0016335420637080267,6321712.0,467310894.0,55637401065.78,1566749714871.8,0.008333141900928225,77.99297671208713,2023-04-21,2023-03-31,12.238224313759464,1.6308672612477555,5.632042399380988,1.210854229023101,71.86320553239095
sh600941,2023-01-10,73.34,73.92,72.61,73.06,-0.0038178347422961334,3319015.0,242831743.0,55424986663.02,1560768123377.8,0.0043750526702749665,77.69521241594063,2023-04-21,2023-03-31,12.191500795789754,1.6246408795576073,5.6105401922382585,1.2062313876796187,71.58884368961661
sh600941,2023-01-11,72.99,74.49,72.88,74.29,0.016835477689570277,6012511.0,444337089.0,56358092789.43,1587044400297.6,0.007925559934380414,79.00324843115561,2023-04-21,2023-03-31,12.39675053544028,1.6519924848390473,5.704996316471413,1.2265388692954207,72.79407607037528
sh600941,2023-01-12,74.3,76.92,73.8,75.95,0.02234486471934316,8970698.0,677952334.0,57617406748.65,1622506692725.8,0.011824977060703339,80.76856532973844,2023-04-21,2023-03-31,12.673754249113816,1.6889060334301047,5.8324736873871705,1.2539457144028114,74.4206498525374
sh600941,2023-01-13,76.05,77.1,74.82,75.45,-0.006583278472679366,10225574.0,773008461.0,57238095315.15,1611825279343.8,0.013479127040340058,80.23684337233396,2023-04-21,2023-03-31,12.590319395597596,1.677787494697846,5.794076888918526,1.2456906405752748,73.93071799044037
sh600941,2023-01-16,75.45,75.45,73.19,73.81,-0.021736249171636857,10275386.0,762049187.0,55993953813.27,1576790243450.7998,0.013544788124611068,78.49279535204731,2023-04-21,2023-03-31,12.316653076064082,1.6413186876559953,5.6681353899412255,1.2186139984209234,72.32374148276213
sh600941,2023-01-17,73.82,74.2,72.9,73.43,-0.005148353881587853,5730078.0,420600826.0,55705677123.81,1568672369280.5,0.007553262957468959,78.08868666441992,2023-04-21,2023-03-31,12.253242587391913,1.6328685982194995,5.638953823105128,1.2123401423120113,71.9513932675684
sh600941,2023-01-18,73.43,75.1,73.39,74.52,0.014844069181533248,6051688.0,450284681.0,56532576048.84,1591957850453.2998,0.00797720219525099,79.24784053156165,2023-04-21,2023-03-31,12.435130568057584,1.6571070126558651,5.722658843766918,1.2303362032560718,73.0194447269399
sh600941,2023-01-19,74.41,75.1,74.18,74.58,0.0008051529790660261,3425773.0,255667182.0,56578093420.86,1593239620059.1,0.004515778720917464,79.31164716645017,2023-04-21,2023-03-31,12.445142750479219,1.658441237303695,5.727266459583011,1.2313268121153456,73.07823655039154
sh600941,2023-01-20,74.65,78.85,74.52,77.87,0.044113703405738836,13139136.0,1018035730.0,59073962653.28999,1663523320112.7,0.01731972047185865,82.81037764617157,2023-04-21,2023-03-31,12.994144086616258,1.731601222161999,5.979917393506839,1.2856451979005674,76.30198820298993
sh600941,2023-01-30,78.97,79.2,75.51,75.6,-0.02915114935148333,11875337.0,906198922.0,57351888745.2,1615029703358.4,0.01565380838961713,80.39635995955528,2023-04-21,2023-03-31,12.615349851652462,1.6811230563175235,5.805595928459119,1.2481671627235356,74.07769754906946
sh600941,2023-01-31,75.21,76.3,75.13,76.16,0.007407407407407529,5224703.0,396472087.0,57776717550.72,1626992886346.2002,0.006887088733116187,80.9918885518483,2023-04-21,2023-03-31,12.708796887590317,1.6935758196976118,5.848600342743858,1.257412845410346,74.62642123461812
sh600941,2023-02-01,75.99,78.2,75.7,77.05,0.011685924369747802,10186554.0,786904863.0,58451891902.35,1646005802166.2,0.01342769173342095,81.93835363602824,2023-04-21,2023-03-31,12.8573109268495,1.7133668186410738,5.916946644018189,1.2721068768233919,75.49849994915081
sh600941,2023-02-02,77.02,78.08,76.51,76.61,-0.005710577547047291,5816252.0,448048941.0,58118097840.87,1636606158389.9998,0.007666855631442494,81.47043831351232,2023-04-21,2023-03-31,12.783888255754912,1.7035825045566442,5.883157461365636,1.2648424118551285,75.06735991050544
sh600941,2023-02-03,76.2,78.05,75.65,77.81,0.01566375146847676,6813433.0,524530273.0,59028445281.27,1662241550506.8,0.008981317722393413,82.74657101128304,2023-04-21,2023-03-31,12.984131904193843,1.7302669975140654,5.975309777690386,1.2846545890412164,76.24319637953829
sh600941,2023-02-06,77.25,79.2,77.25,78.35,0.006939982007454049,7906539.0,621494840.0,59438101629.450005,1673777476959.4,0.010422226041335502,83.32083072527986,2023-04-21,2023-03-31,13.074241545991672,1.7422750193449466,6.016778320036666,1.293570068774987,76.77232279060308
sh600941,2023-02-07,78.26,78.43,76.3,76.8,-0.01978302488832162,6980003.0,536601816.0,58262236185.600006,1640690900275.2,0.009200886637655227,81.67249265732602,2023-04-21,2023-03-31,12.815795067021817,1.7078344101086202,5.897841006075812,1.267999283012796,75.25353401810231
sh600941,2023-02-08,76.81,77.38,75.93,76.28,-0.0067708333333332815,3733852.0,285735192.0,57867752294.76,1629582055637.9,0.004921881691710197,81.11950182162538,2023-04-21,2023-03-31,12.7290214545887,1.6962709479568223,5.857907707597103,1.2594138712007148,74.74400488152142
sh600941,2023-02-09,76.0,76.93,75.8,76.7,0.005506030414263341,5162166.0,394712998.0,58186373898.9,1638554583998.7998,0.006804653833351954,81.56614826584514,2023-04-21,2023-03-31,12.79910783386163,1.7056106673871245,5.890161525599151,1.266348242279706,75.15554764568293
sh600941,2023-02-10,76.5,76.9,75.74,76.1,-0.007822685788787642,6256341.0,476586777.0,57731200178.7,1625736686340.4,0.008246971284613281,80.92808191695977,2023-04-21,2023-03-31,12.698984434900524,1.692268211058151,5.844084642739183,1.256441997881169,74.5676294111665
sh600941,2023-02-13,76.11,76.58,75.89,76.2,0.0013140604467807293,5445031.0,414529089.0,57807062465.4,1627873002616.8,0.007177520263174456,81.03442630844067,2023-04-21,2023-03-31,12.71567166806071,1.6944919537796468,5.851764123215846,1.2580930386142586,74.6656157835859
sh600941,2023-02-14,76.25,76.8,74.72,75.26,-0.012335958005249337,6881437.0,519777879.0,57093956970.42,1607791629618.6,0.009070959101474067,80.03478902852028,2023-04-21,2023-03-31,12.558811676354663,1.6735887721975466,5.779577006735087,1.2425732557231857,73.7445438828435
sh600941,2023-02-15,74.5,76.29,74.0,76.0,0.009832580387988177,11016542.0,830250123.0,57655337892.00001,1623600370064.0,0.014521763684194347,80.82173752547888,2023-04-21,2023-03-31,12.68229720174034,1.6900444683366556,5.836405162262523,1.2547909571480793,74.46964303874708
sh600941,2023-02-16,75.62,82.0,75.58,77.8,0.023684210526315752,21309683.0,1677357852.0,59020859052.600006,1662054063039.2,0.028089956059813837,82.73593657213496,2023-04-21,2023-03-31,12.982667398623663,1.7300718373235764,5.9746358108424245,1.2845096903436917,76.23339774229636
sh600941,2023-02-17,77.51,78.5,75.45,75.8,-0.02570694087403602,10356104.0,788954174.0,57503613318.600006,1619327737511.2,0.013651188819226561,80.60904874251709,2023-04-21,2023-03-31,12.64892273541997,1.6855969828936643,5.8210462013092,1.2514888756819003,74.27367029390828
sh600941,2023-02-20,76.19,81.5,76.19,80.72,0.06490765171503954,18530291.0,1482734685.0,61236037824.24,1724434498310.1,0.024426222575228543,85.84119280337704,2023-04-21,2023-03-31,13.46993460690121,1.7950051247912688,6.198876640761004,1.332720079749923,79.09459981694296
sh600941,2023-02-21,80.8,80.96,78.7,80.0,-0.008919722497522264,13060248.0,1039316482.0,60689829360.0,1709053021120.0,0.01721573204304689,85.07551318471461,2023-04-21,2023-03-31,13.349786528147726,1.7789941771964797,6.143584381328972,1.3208325864716626,78.38909793552325
sh600941,2023-02-22,79.0,79.44,77.91,78.14,-0.023249999999999993,7791948.0,609395466.0,59278790827.38,1669317538379.0002,0.010271174702146172,83.09750750317001,2023-04-21,2023-03-31,13.039403991368607,1.7376325625767035,6.0007460444632175,1.2901232288362274,76.56655140852234
sh600941,2023-02-23,78.01,78.79,77.55,78.18,0.0005119017148709215,5485670.0,429484395.0,59309135742.060005,1670172064889.5002,0.007231089700331957,83.14004525976237,2023-04-21,2023-03-31,13.046078884632209,1.7385220596652389,6.003817836653667,1.2907836451294168,76.60574595749011
sh600941,2023-02-24,78.21,78.29,77.41,77.89,-0.003709388590432461,5521943.0,429433976.0,59089135110.630005,1663976747688.0,0.007278903972189386,82.83164652446777,2023-04-21,2023-03-31,12.997685908468144,1.7320732057729642,5.981547343271564,1.2859956270035033,76.32158547747383
sh600941,2023-02-27,77.8,79.45,77.28,78.5,0.00783155732443186,7844377.0,617939104.0,59551895059.5,1677008276974.0,0.010340285458334332,83.48034731250121,2023-04-21,2023-03-31,13.099478030744956,1.7456380363740456,6.028392174179054,1.296066975475319,76.91930234923218
sh600941,2023-02-28,80.0,81.7,79.15,80.6,0.026751592356687892,17739676.0,1425391756.0,61145003080.200005,1721870918778.4,0.023384051248220544,85.71357953359997,2023-04-21,2023-03-31,13.449909927108832,1.7923366335254531,6.189661264188938,1.3307388308702,78.97701617003966
sh600941,2023-03-01,80.52,85.95,80.08,84.61,0.049751861042183654,25567788.0,2142188362.0,64187080776.87,1807537201462.0,0.03370289654081835,89.97798963198377,2023-04-21,2023-03-31,14.119067976831927,1.8815087166573852,6.497608431302909,1.3969455642670612,82.90626970405776
sh600941,2023-03-02,83.9,86.28,83.5,84.73,0.0014182720718591835,14879336.0,1264153062.0,64278115520.91,1810100780993.7,0.01961361388807174,90.10560290176086,2023-04-21,2023-03-31,14.139092656624303,1.8841772079232006,6.506823807874976,1.398926813146784,83.02385335096106
sh600941,2023-03-03,84.54,88.98,84.06,86.9,0.025610763602029962,17193423.0,1494223972.0,65924327142.3,1856458844191.6,0.02266399254215995,92.41327619689623,2023-04-21,2023-03-31,14.501205616200467,1.932432424979676,6.673468534218595,1.4347543970548435,85.15015763246213
sh600941,2023-03-06,88.02,93.59,87.5,89.6,0.031070195627157515,26026986.0,2342773356.0,67972608883.2,1914205388390.4,0.034308201258056725,95.28457476688034,2023-04-21,2023-03-31,14.952276488938532,1.9925421843688618,6.881051776301382,1.479383508259314,87.79578968778601
sh600941,2023-03-07,89.4,91.0,85.18,86.36,-0.03616071428571421,28019604.0,2456666589.0,65514670794.12,1844986354256.6,0.03693482653746582,91.83901648289941,2023-04-21,2023-03-31,14.411591490900712,1.920490435737625,6.6322280290331985,1.4258879438981207,84.62103122139733
sh600941,2023-03-08,85.3,88.6,84.8,88.55,0.02535896248263092,20081165.0,1739141625.0,67176054872.850006,1891773293995.2,0.026470550616819195,94.16795865633097,2023-04-21,2023-03-31,14.777054498833785,1.9691920806457892,6.80041445079785,1.4620469827719003,86.76693277738228
sh600941,2023-03-09,87.53,93.47,85.66,90.61,0.023263692828910276,26734693.0,2380884749.0,68738817978.87,1935782926808.6,0.035241085080552945,96.35865312083737,2023-04-21,2023-03-31,15.12082335561041,2.015002760331014,6.95861720369035,1.49605959468051,88.78545204922202
sh600941,2023-03-10,89.73,93.88,88.73,89.4,-0.013353934444321758,20963344.0,1906115818.0,67820884309.8,1909932608505.6,0.02763341959740847,95.07188598391858,2023-04-21,2023-03-31,14.918900871775724,1.9880945455644672,6.865692285729281,1.4760813129283783,87.59981694294723
sh600941,2023-03-13,90.25,98.34,90.25,98.34,0.09999999999999987,34548575.0,3293703371.0,74602972740.78,2100925869356.2,0.0455411726997151,104.57907458231041,2023-04-21,2023-03-31,16.41079095895361,2.1869040001209554,7.552261514302352,1.6236894442212466,96.35979863724194
sh600941,2023-03-14,98.34,100.58,96.7,98.17,-0.0017286963595688487,31987700.0,3144492521.0,74474006853.39,2097294006454.1,0.04216548352476699,104.3982891167929,2023-04-21,2023-03-31,16.382421684365067,2.1831235071371995,7.539205947315996,1.620882578189936,96.19322180412895
sh600941,2023-03-15,98.17,99.47,95.0,99.23,0.010797596006926868,26950883.0,2613770484.0,75278147092.41,2119939739843.5,0.03552606198990308,105.52553966649039,2023-04-21,2023-03-31,16.559312455327643,2.2066959928004497,7.620611247347989,1.6383842134438655,97.23187735177464
sh600941,2023-03-16,98.0,102.72,97.61,100.06,0.008364405925627372,30073345.0,3009577451.0,75907804072.02,2137671776365.4,0.03964202281289789,106.4081981157818,2023-04-21,2023-03-31,16.697821266553145,2.225153693838667,7.684353133222137,1.6520883240672344,98.0451642428557
sh600941,2023-03-17,99.18,101.25,98.1,101.1,0.010393763741754825,27671591.0,2767071704.0,76696771853.7,2159890231766.4,0.03647608344503014,107.51417978718308,2023-04-21,2023-03-31,16.871374475800064,2.2482814156215616,7.764222484197206,1.6692597397881324,99.0642225160175
sh600941,2023-03-20,100.4,100.88,91.2,91.96,-0.09040553907022753,51813170.0,4961325236.0,69762958849.32,1964624191031.0,0.06829898260897004,97.79430240582943,2023-04-21,2023-03-31,15.346108771459368,2.0450243222606783,7.062293765052034,1.5183494131643276,90.10826807688396
sh600941,2023-03-21,91.21,92.7,90.11,91.6,-0.00391474554153981,29725289.0,2709400180.0,69489854617.2,1956933187238.4,0.03918322303880671,97.41146259649821,2023-04-21,2023-03-31,15.286032660566624,2.0370185724128094,7.0346466820223945,1.5124054615686737,89.7555171361741
sh600941,2023-03-22,91.17,93.48,89.77,92.06,0.005021834061135433,27238703.0,2508713391.0,69838821136.02,1966760580973.4,0.03590545999188817,97.90064679731032,2023-04-21,2023-03-31,15.362796580040776,2.047248141662876,7.069973510338085,1.5200005108297956,90.20625444930336
sh600941,2023-03-23,91.43,93.93,90.22,93.08,0.011079730610471294,32240540.0,2970655438.0,70612616460.36,1988551758385.9,0.04249877165909369,98.98535959041541,2023-04-21,2023-03-31,15.533012227571259,2.06993109956531,7.148306912255873,1.5368417070175846,91.20571544798128
sh600941,2023-03-24,92.9,92.99,88.08,90.86,-0.023850451224752933,44503932.0,4004497046.0,68928473695.62,1941435685937.4,0.058664105626017204,96.62451409953958,2023-04-21,2023-03-31,15.164978292134881,2.020886852545215,6.978937347223609,1.5004282996700724,89.0304179802705
sh600941,2023-03-27,89.91,90.15,86.74,87.95,-0.03202729473915911,35308484.0,3111932594.0,66720881152.65,1879256753006.8,0.04654286805198557,93.52989230744559,2023-04-21,2023-03-31,14.679285062660032,1.9561633136842982,6.7554208638380935,1.4523736402815937,86.17901454286584
sh600941,2023-03-28,87.96,89.3,87.4,88.46,0.005798749289368965,25509285.0,2259002105.0,67107778814.82001,1890154091767.8,0.03362577917124662,94.07224870399816,2023-04-21,2023-03-31,14.764406556485264,1.9675066143093731,6.794593855771519,1.460795590896044,86.67874504220481
sh600941,2023-03-29,87.8,89.39,86.05,88.8,0.0038435451051324065,22288996.0,1956984433.0,67365710589.6,1897418984275.2,0.029380864945638397,94.4338196350332,2023-04-21,2023-03-31,14.821154219035938,1.9750688147261588,6.8207091837273754,1.4664102246390622,87.01189870843079
sh600941,2023-03-30,88.0,88.46,84.79,86.34,-0.027702702702702586,25943630.0,2244646052.0,65499498336.78,1844855350251.4,0.034198323209785345,91.81774760460324,2023-04-21,2023-03-31,14.410568189995391,1.9203540705344624,6.631757104989126,1.4257866981457137,84.60143394691347
sh600941,2023-03-31,86.39,90.77,86.39,89.97,0.04204308547602498,25505487.0,2264737593.0,68253299343.990005,1922418761432.9,0.033620772731070336,95.67804901535968,2023-04-21,2023-03-31,15.016432940165284,2.001091680866153,6.910576635810341,1.4857311701664164,88.15833926573784
sh600941,2023-04-03,89.3,93.5,88.18,92.72,0.03056574413693447,31470563.0,2854050813.0,70339512228.24,1981178921418.9,0.04148380489036853,98.60251978108424,2023-04-21,2023-03-31,15.475421387263808,2.062256537178055,7.121803553099196,1.531143648969991,90.85296450727145
sh600941,2023-04-04,92.0,99.29,91.66,97.19,0.048209663503019806,36110611.0,3473444196.0,73730556443.73,2076690890559.8,0.04760021424453054,103.35611408028016,2023-04-21,2023-03-31,16.221486244911382,2.161677230892332,7.465143305928789,1.604959569061635,95.2329553544188
sh600941,2023-04-06,95.51,98.46,94.2,97.19,0.0,19496608.0,1884871178.0,73730556443.73,2076690890559.8,0.025700000419312433,103.35611408028016,2023-04-21,2023-03-31,16.221486244911382,2.161677230892332,7.465143305928789,1.604959569061635,95.2329553544188
sh600941,2023-04-07,96.69,98.89,95.79,96.52,-0.006893713344994334,14307820.0,1386517432.0,73222279122.84,2062374778854.1,0.018860254050317205,102.64360665735818,2023-04-21,2023-03-31,16.10965996870904,2.1467752477181388,7.413680747898342,1.5938954378622034,94.5764466592088
sh600941,2023-04-10,96.54,99.42,95.66,97.25,0.007563199336924953,19096731.0,1869087794.0,73776073815.75,2077972930414.0,0.025172891341278276,103.4199207151687,2023-04-21,2023-03-31,16.23150053830231,2.1630117368481865,7.469751893214947,1.605950386780955,95.29174717787045
sh600941,2023-04-11,97.28,97.28,93.0,94.59,-0.02735218508997428,17956868.0,1694135941.0,71758136989.53,2021135830209.4,0.023670348971961585,100.59115990177695,2023-04-21,2023-03-31,15.78753353129096,2.1038486394701694,7.265437856855689,1.5620241345564372,92.6853096715143
sh600941,2023-04-12,94.2,98.6,93.79,97.25,0.028121365894914874,16586896.0,1608305487.0,73776073815.75,2078015346974.0,0.021864481973227944,103.4199207151687,2023-04-21,2023-03-31,16.2318318633193,2.1630558892602676,7.4699043693010045,1.605983168194967,95.29174717787045
sh600941,2023-04-13,96.8,98.32,94.75,95.1,-0.022107969151671014,15602637.0,1505747896.0,72145034651.7,2032074647786.4,0.020567053378843115,101.13351629832948,2023-04-21,2023-03-31,15.872979025209926,2.115235116387161,7.304759953938565,1.5704781418544098,93.18504017085324
sh600941,2023-04-14,95.1,99.6,94.54,98.3,0.03364879074658256,18435234.0,1806995747.0,74572627826.1,2100451502391.2,0.024300920525771597,104.53653682571806,2023-04-21,2023-03-31,16.40708557495411,2.186410220198296,7.550556293082661,1.6233228322217508,96.32060408827418
sh600941,2023-04-17,98.29,103.0,97.2,102.81,0.04587995930824018,26066336.0,2639747790.0,77994016956.27,2196820131849.8,0.03436007156372733,109.33266888150635,2023-04-21,2023-03-31,17.159841993499505,2.2867226321320726,7.8969755085637265,1.697800817708191,100.7397894843893
sh600941,2023-04-18,102.7,106.0,101.0,105.68,0.02791557241513476,25030772.0,2592250878.0,80171264584.56,2258145623323.5,0.03299501384526549,112.384752917008,2023-04-21,2023-03-31,17.638868805301474,2.3505578033627046,8.117424100233658,1.7451958993814152,103.5519983728262
sh600941,2023-04-19,104.5,104.96,100.78,101.68,-0.037850113550340625,19477417.0,1999540105.0,77136773116.56,2172674555067.5,0.025674703264645993,108.13097725777227,2023-04-21,2023-03-31,16.971235618121245,2.261588923598786,7.810178676303539,1.679140036422239,99.63254347605006
sh600941,2023-04-20,100.88,104.25,99.64,102.7,0.01003147128245474,21582400.0,2200896176.0,77910568440.9,2194469677472.8,0.02844944561893888,109.21569005087738,2023-04-21,2023-03-31,17.141482080852363,2.2842759879386065,7.888526259405792,1.6959842814768444,100.63200447472798
sh600941,2023-04-21,101.64,105.5,99.89,101.29,-0.013729308666017515,22776117.0,2339167973.0,76840910198.43,2164341125912.6,0.030022977148143365,107.7162341309968,2023-04-21,2023-03-31,16.906141382371644,2.2529144578218667,7.780222247470568,1.6726995897837658,99.25039662361438
sh600941,2023-04-24,100.3,102.89,99.3,100.8,-0.004837595024188013,14958334.0,1509739948.0,76469184993.59999,2153870920051.2,0.01971774731646733,107.19514661274042,2023-04-21,2023-03-31,16.824356316941753,2.242015770050745,7.742584683038984,1.6646077465712357,98.7702633987593
sh600941,2023-04-25,100.32,103.4,99.5,101.9,0.010912698412698596,16921914.0,1719832902.0,77303670147.3,2177375463821.6,0.02230609534210099,108.36493491903026,2023-04-21,2023-03-31,17.007955443416318,2.2664822119858226,7.827077174619768,1.6827731088850093,99.84811349537276
sh600941,2023-04-26,100.99,101.39,96.0,97.48,-0.04337585868498528,18462293.0,1816085546.0,73950557075.16,2082929933398.7,0.0243365891052161,103.66451281557477,2023-04-21,2023-03-31,16.270220771582007,2.168171599846672,7.487570981176915,1.6097813803151042,95.51711583443509
sh600941,2023-04-27,96.48,100.0,96.05,99.4,0.019696347968814143,11589552.0,1149052791.0,75407112979.8,2123956046161.6,0.015277092879932922,105.70632513200792,2023-04-21,2023-03-31,16.590684701428675,2.2108766621333737,7.635048784663444,1.6414881945355242,97.39845418488765
sh600941,2023-04-28,99.0,101.6,98.77,101.12,0.017303822937625668,12243268.0,1227804347.0,76711944311.04,2160708605511.7,0.016138806952150576,107.53544866547928,2023-04-21,2023-03-31,16.877766971916323,2.249133280431879,7.767164316953465,1.6698922156079852,99.08381979050141
sh600941,2023-05-04,100.97,104.0,99.9,103.84,0.02689873417721511,15569863.0,1601754339.0,78775398509.28,2218828931925.8003,0.02052385141192956,110.42801611375957,2023-04-21,2023-03-31,17.331757539199042,2.3096321186713653,7.9760912052260196,1.7148102024202407,101.74904912030918
sh600941,2023-05-05,103.05,104.51,100.94,101.97,-0.018008474576271194,10968419.0,1121580475.0,77356773747.99,2178871207516.1,0.01445832900262417,108.43937599306686,2023-04-21,2023-03-31,17.019639024192127,2.2680391673817124,7.8324539695386175,1.6839290864868104,99.91670395606633
sh600941,2023-05-08,103.1,109.59,102.01,107.65,0.055702657644405296,25940933.0,2754880941.0,81665751632.55,2300612531002.6,0.034194768083625406,114.47973742918163,2023-04-21,2023-03-31,17.970587099011883,2.394762623547365,8.270081172610313,1.7780162243310063,105.4823299094885
sh600941,2023-05-09,107.18,107.5,103.0,103.72,-0.036507199256850975,14761150.0,1554824427.0,78684363765.24,2216623610920.5,0.019457823698847188,110.30040284398251,2023-04-21,2023-03-31,17.314531295025816,2.307336547276683,7.9681636713715704,1.7131058317474561,101.63146547340591
sh600941,2023-05-10,103.1,104.28,101.6,103.0,-0.006941766293868112,11072084.0,1140076087.0,78138155301.0,2201236327852.0,0.014594977928604938,109.53472322532006,2023-04-21,2023-03-31,17.19433786528773,2.291319556204167,7.912850541373547,1.7012138514267872,100.92596359198619
sh600941,2023-05-11,102.35,102.5,97.95,99.95,-0.029611650485436902,17527173.0,1748520447.0,75824355556.65001,2136054087075.8,0.02310393446128483,106.29121928515282,2023-04-21,2023-03-31,16.685185142092315,2.2234698023554027,7.678537976798893,1.6508381014573532,97.93737923319436
sh600941,2023-05-12,99.87,100.96,96.0,96.14,-0.03811905952976491,18704576.0,1826505315.0,72934002433.38,2054629714171.8,0.02465596123402908,102.23949796973079,2023-04-21,2023-03-31,16.04916157639606,2.1387132245968243,7.38583933055988,1.5879097055939273,94.20409844401507
sh600941,2023-05-15,95.5,97.69,92.48,96.91,0.008009153318077722,22099593.0,2091176050.0,73518142040.97,2071085558564.4,0.02913119807130728,103.05834978413367,2023-04-21,2023-03-31,16.177701772087392,2.155842506715937,7.444993650140734,1.6006275178812308,94.95859351164448
sh600941,2023-05-16,96.5,97.21,94.18,94.23,-0.027654524816840276,13321713.0,1273652932.0,71485032757.41,2013810671587.3,0.017560389462924007,100.20832009244573,2023-04-21,2023-03-31,15.730315116951905,2.096223706612782,7.239105888481766,1.5563629244654813,92.33255873080446
sh600941,2023-05-17,93.0,93.2,90.2,91.09,-0.03332272100180411,24762835.0,2259420022.0,69102956955.03,1946705020427.6,0.03264182517714695,96.86910619994569,2023-04-21,2023-03-31,15.20613821503972,2.026371828880018,6.9978791826575835,1.5045006769560119,89.25578663683517
sh600941,2023-05-18,91.52,93.68,91.1,92.4,0.014381381051707054,18408280.0,1706395691.0,70096752910.8,1974701327121.6,0.024265390355020764,98.26221772834538,2023-04-21,2023-03-31,15.424823483034816,2.055513854303544,7.098518349737046,1.5261374744838363,90.53940811552935
sh600941,2023-05-19,92.09,93.9,90.88,93.11,0.007683982683982515,13252758.0,1228885696.0,70635375146.37,1989874897925.2,0.017469494496532227,99.0172629078597,2023-04-21,2023-03-31,15.54334755958163,2.071308387166657,7.153063241818214,1.5378642884111162,91.23511135970712
sh600941,2023-05-22,92.9,95.68,92.2,94.47,0.014606379551068693,13727736.0,1297127742.0,71667102245.49,2018939765943.5,0.018095600063160234,100.46354663199986,2023-04-21,2023-03-31,15.770379593531532,2.101562703636988,7.257543598481226,1.5603269179057302,92.56772602461102
sh600941,2023-05-23,94.0,95.3,91.57,91.6,-0.030380014819519463,12777300.0,1187218062.0,69489854617.2,1957604345934.4,0.016842756204447498,97.41146259649823,2023-04-21,2023-03-31,15.291275227770443,2.037717197556327,7.037059316405989,1.5129241630164436,89.75551713617412
sh600941,2023-05-24,91.35,92.22,90.11,90.29,-0.01430131004366797,13184111.0,1201633840.0,68496058661.43,1929608039240.4,0.017379005528975176,96.01835106809853,2023-04-21,2023-03-31,15.072589959775346,2.008575172132801,6.936420149326526,1.4912873654886192,88.47189565747993
sh600941,2023-05-25,90.39,91.6,88.94,91.5,0.013401262598294217,13517365.0,1220887948.0,69413992330.5,1955467223286.0,0.017818293631794782,97.30511820501732,2023-04-21,2023-03-31,15.274581695862398,2.035492615462925,7.029376937239607,1.5112724990830197,89.6575307637547
sh600941,2023-05-26,91.0,94.6,90.91,93.77,0.02480874316939885,18001541.0,1682614155.0,71136066238.59,2003979907404.7,0.023729235939311595,99.71913589163358,2023-04-21,2023-03-31,15.653524870175206,2.0859906289831733,7.203766944316551,1.5487652703717616,91.88182141767517
sh600941,2023-05-29,93.8,95.99,93.8,94.45,0.007251786285592532,11275556.0,1069800332.0,71651929788.15,2018512341413.8,0.014863190249708096,100.44227775370368,2023-04-21,2023-03-31,15.767040887149765,2.101117787218287,7.256007122647879,1.5599965851190296,92.54812875012713
sh600941,2023-05-30,93.92,96.9,93.22,96.46,0.02128110111169912,14645565.0,1404164434.0,73176761750.82,2061468506646.6,0.019305462090691235,102.57980002246961,2023-04-21,2023-03-31,16.102580878501186,2.145831887295628,7.410422943892015,1.5931950301808226,94.51765483575713
sh600941,2023-05-31,96.02,98.01,95.7,96.4,-0.0006220194899438924,12526703.0,1214495573.0,73131244378.8,2060186233057.6,0.01651242474345293,102.51599338758109,2023-04-21,2023-03-31,16.09256475935667,2.144497138039628,7.405813516392329,1.592204031820799,94.4588630123055
sh600941,2023-06-01,96.3,99.01,95.98,98.84,0.025311203319501985,14426751.0,1413067938.0,74982284174.28,2112332025678.6,0.019017026282177704,105.11079653971487,2023-04-21,2023-03-31,16.49988693791331,2.1987769411186813,7.593263568052196,1.6325046317963772,96.84973049933895
sh600941,2023-06-02,99.0,99.95,97.5,99.29,0.004552812626467118,9885065.0,978922907.0,75323664464.43,2121949077596.4,0.013030275555877756,105.5893463013789,2023-04-21,2023-03-31,16.57500783149952,2.2087875605389904,7.627834274300914,1.6399371194967853,97.29066917522627
sh600941,2023-06-05,99.36,99.66,97.25,97.5,-0.018027998791419142,9006593.0,884440816.0,73965729532.5,2083694582190.0,0.011872293061263601,103.68578169387091,2023-04-21,2023-03-31,16.276193610345178,2.168967541067051,7.490319687222532,1.6103723350884636,95.53671310891893
sh600941,2023-06-06,97.6,99.36,97.36,98.33,0.00851282051282043,8566943.0,844663951.0,74595386512.11,2101596419228.4,0.011292756088250106,104.5684401431623,2023-04-21,2023-03-31,16.416028770501715,2.187601991525214,7.554671960128691,1.6242076751427637,96.34999999999998
sh600941,2023-06-07,96.68,97.6,94.9,95.85,-0.00518941359626357,7834327.0,751023076.0,72714001801.95,2048591648358.0,0.01032703776908428,104.02579125814331,2023-04-21,2023-03-31,16.00199692517634,2.1324280574361003,7.36413411347844,1.583243218371137,95.84999999999998
sh600941,2023-06-08,95.8,97.68,94.85,96.9,0.010954616588419563,7954290.0,767979600.0,73510555812.3,2071033184412.0,0.010485170360676723,105.16535391668323,2023-04-21,2023-03-31,16.177292666140712,2.155787989207701,7.444805379197296,1.6005870407946081,96.9
sh600941,2023-06-09,96.7,102.66,96.17,102.66,0.05944272445820431,14658557.0,1456332140.0,77880223526.22,2194141039336.8,0.019322587859719763,111.41666907210218,2023-04-21,2023-03-31,17.138915016573844,2.2839339006404806,7.887344893997878,1.6957302952319344,102.66
